Substance,Liste des substances incompatibles
ABATACEPT,ANTI-TNF ALPHA;VACCINS VIVANTS ATTÉNUÉS
ABIRATERONE,INDUCTEURS ENZYMATIQUES PUISSANTS;METOPROLOL;PROPAFENONE;RIFAMPICINE
ABROCITINIB,FLUCONAZOLE;FLUVOXAMINE
ACETAZOLAMIDE,"ACIDE ACETYLSALICYLIQUE;CARBAMAZEPINE;LITHIUM;VALPROÏQUE (ACIDE) ET, PAR EXTRAPOLATION, VALPROMIDE"
ACIDE ACETOHYDROXAMIQUE,FER
ACIDE ACETYLSALICYLIQUE,ACETAZOLAMIDE;ANTAGONISTES DES RÉCEPTEURS DE L'ANGIOTENSINE II;ANTICOAGULANTS ORAUX;ANTI-INFLAMMATOIRES NON STÉROÏDIENS;CLOPIDOGREL;DEFERASIROX;DIURÉTIQUES;GLUCOCORTICOÏDES (SAUF HYDROCORTISONE);HÉPARINES (DOSES CURATIVES ET/OU SUJET ÂGÉ);HÉPARINES (DOSES PRÉVENTIVES);INHIBITEURS DE L'ENZYME DE CONVERSION;METHOTREXATE;NICORANDIL;PEMETREXED;PROBENECIDE;TICAGRELOR;TICLOPIDINE
ACIDE ASCORBIQUE,CICLOSPORINE;DÉFÉRIPRONE;DÉFÉROXAMINE
ACIDE CHOLIQUE,"PHÉNOBARBITAL (ET, PAR EXTRAPOLATION, PRIMIDONE)"
ACIDE CLODRONIQUE,ESTRAMUSTINE
ACIDE FOLINIQUE,"FLUOROURACILE (ET, PAR EXTRAPOLATION, AUTRES FLUOROPYRIMIDINES)"
ACIDE FUSIDIQUE,INHIBITEURS DE L'HMG-COA RÉDUCTASE (STATINES);OMBITASVIR + PARITAPRÉVIR
ACIDE NICOTINIQUE,ALCOOL (BOISSON OU EXCIPIENT)
ACIDE URSODESOXYCHOLIQUE,CICLOSPORINE
ACITRETINE,ALCOOL (BOISSON OU EXCIPIENT);METHOTREXATE
ADRÉNALINE (VOIE BUCCO-DENTAIRE OU SOUS-CUTANÉE),ANESTHÉSIQUES VOLATILS HALOGÉNÉS;ANTIDÉPRESSEURS IMIPRAMINIQUES;IMAO IRRÉVERSIBLES;MÉDICAMENTS MIXTES ADRÉNERGIQUES-SÉROTONINERGIQUES
AFATINIB,AMIODARONE;CICLOSPORINE;ERYTHROMYCINE;INDUCTEURS ENZYMATIQUES PUISSANTS;INHIBITEURS DE PROTÉASES BOOSTÉS PAR RITONAVIR;ITRACONAZOLE;KETOCONAZOLE;PRIMIDONE;RIFAMPICINE;VERAPAMIL
AGOMELATINE,CIPROFLOXACINE;FLUVOXAMINE
ALBENDAZOLE,INDUCTEURS ENZYMATIQUES PUISSANTS;INHIBITEURS DE PROTÉASES BOOSTÉS PAR RITONAVIR;RIFAMPICINE
ALCALINISANTS URINAIRES,HYDROQUINIDINE;QUINIDINE
ALCALOÏDES DE L'ERGOT DE SEIGLE DOPAMINERGIQUES,ALCALOÏDES DE L'ERGOT DE SEIGLE VASOCONSTRICTEURS;ANTIPARKINSONIENS ANTICHOLINERGIQUES;MACROLIDES (SAUF SPIRAMYCINE);SYMPATHOMIMÉTIQUES ALPHA (VOIES ORALE ET/OU NASALE);SYMPATHOMIMÉTIQUES INDIRECTS
ALCALOÏDES DE L'ERGOT DE SEIGLE VASOCONSTRICTEURS,ALCALOÏDES DE L'ERGOT DE SEIGLE DOPAMINERGIQUES;INHIBITEURS PUISSANTS DU CYP3A4;LÉTERMOVIR;OMBITASVIR + PARITAPRÉVIR;SYMPATHOMIMÉTIQUES ALPHA (VOIES ORALE ET/OU NASALE);SYMPATHOMIMÉTIQUES INDIRECTS;TRIPTANS
ALCOOL (BOISSON OU EXCIPIENT),ACIDE NICOTINIQUE;ACITRETINE;ANTABUSE (RÉACTION);IMAO IRRÉVERSIBLES;INSULINE;MÉDICAMENTS SÉDATIFS;METFORMINE;SULFAMIDES HYPOGLYCÉMIANTS
ALDESLEUKINE,PRODUITS DE CONTRASTE IODÉS
ALFENTANIL,CIMETIDINE;DILTIAZEM;ERYTHROMYCINE;FLUCONAZOLE;INHIBITEURS PUISSANTS DU CYP3A4
ALFUZOSINE,INHIBITEURS PUISSANTS DU CYP3A4;OMBITASVIR + PARITAPRÉVIR
ALLOPURINOL,ANTIVITAMINES K;DIDANOSINE;PÉNICILLINES A;VIDARABINE
ALPHABLOQUANTS À VISÉE UROLOGIQUE,ANTIHYPERTENSEURS ALPHA-BLOQUANTS;ANTIHYPERTENSEURS SAUF ALPHA-BLOQUANTS;INHIBITEURS DE LA PHOSPHODIESTERASE DE TYPE 5
ALPRAZOLAM,INHIBITEURS PUISSANTS DU CYP3A4
ALUMINIUM (SELS),CITRATES
AMBRISENTAN,CICLOSPORINE
AMINOSIDES, AUTRES AMINOSIDES;AMPHOTERICINE B;ATALUREN;BOTULIQUE (TOXINE);CEFALOTINE;CICLOSPORINE;CURARES;DIURÉTIQUES DE L'ANSE;ORGANOPLATINES;POLYMYXINE B;TACROLIMUS
AMIODARONE,"AFATINIB;ANTIVITAMINES K;BÊTA-BLOQUANTS (SAUF ESMOLOL ET SOTALOL) (Y COMPRIS COLLYRES);BÊTA-BLOQUANTS DANS L'INSUFFISANCE CARDIAQUE;CICLOSPORINE;COBICISTAT;DABIGATRAN;DIGOXINE;DILTIAZEM;DOCETAXEL;ESMOLOL;FIDAXOMICINE;FLUCONAZOLE;IBRUTINIB;LIDOCAINE;NINTÉDANIB;OLAPARIB;OMBITASVIR + PARITAPRÉVIR;ORLISTAT;PACLITAXEL;PHÉNYTOÏNE (ET, PAR EXTRAPOLATION, FOSPHÉNYTOÏNE);SIMVASTATINE;SOFOSBUVIR;TACROLIMUS;TALAZOPARIB;TAMSULOSINE;TOLVAPTAN;VÉNÉTOCLAX;VERAPAMIL;VORICONAZOLE"
AMLODIPINE,SIMVASTATINE
AMPHOTERICINE B,AMINOSIDES;CICLOSPORINE;TACROLIMUS;ZIDOVUDINE
ANAGRELIDE,ANTIAGRÉGANTS PLAQUETTAIRES;OMEPRAZOLE;SUBSTANCES SUSCEPTIBLES DE DONNER DES TORSADES DE POINTES
ANAKINRA,ANTI-TNF ALPHA;ETANERCEPT
ANALGÉSIQUES MORPHINIQUES AGONISTES, AUTRES ANALGÉSIQUES MORPHINIQUES AGONISTES;ANTITUSSIFS MORPHINE-LIKE;ANTITUSSIFS MORPHINIQUES VRAIS
ANALGÉSIQUES MORPHINIQUES DE PALIER II,MORPHINIQUES AGONISTES-ANTAGONISTES;MORPHINIQUES ANTAGONISTES PARTIELS
ANALGÉSIQUES MORPHINIQUES DE PALIER III,MORPHINIQUES AGONISTES-ANTAGONISTES;MORPHINIQUES ANTAGONISTES PARTIELS
ANALOGUES DE LA SOMATOSTATINE,CICLOSPORINE;INSULINE;REPAGLINIDE;SULFAMIDES HYPOGLYCÉMIANTS
ANDROGÈNES,ANTIVITAMINES K;INDUCTEURS ENZYMATIQUES
ANESTHÉSIQUES VOLATILS HALOGÉNÉS,ADRÉNALINE (VOIE BUCCO-DENTAIRE OU SOUS-CUTANÉE);BÊTA-BLOQUANTS (SAUF ESMOLOL) (Y COMPRIS COLLYRES);BÊTA-BLOQUANTS DANS L'INSUFFISANCE CARDIAQUE;ISONIAZIDE;ISOPRENALINE;SYMPATHOMIMÉTIQUES ALPHA ET BÊTA (VOIE IM ET IV);SYMPATHOMIMÉTIQUES INDIRECTS
ANTABUSE (RÉACTION),ALCOOL (BOISSON OU EXCIPIENT)
ANTAGONISTES DES CANAUX CALCIQUES,IDÉLALISIB;INDUCTEURS ENZYMATIQUES PUISSANTS;INHIBITEURS PUISSANTS DU CYP3A4;RIFAMPICINE
ANTAGONISTES DES RÉCEPTEURS DE L'ANGIOTENSINE II,ACIDE ACETYLSALICYLIQUE;ANTI-INFLAMMATOIRES NON STÉROÏDIENS;DIURÉTIQUES ÉPARGNEURS DE POTASSIUM (SEULS OU ASSOCIÉS);DIURÉTIQUES HYPOKALIÉMIANTS;EPLERENONE;INHIBITEURS DE L'ENZYME DE CONVERSION;LITHIUM;POTASSIUM
ANTIAGRÉGANTS PLAQUETTAIRES,ANAGRELIDE;ANTICOAGULANTS ORAUX;ANTI-INFLAMMATOIRES NON STÉROÏDIENS;COBIMÉTINIB;DÉFIBROTIDE;HÉPARINES;IBRUTINIB;INHIBITEURS SÉLECTIFS DE LA RECAPTURE DE LA SÉROTONINE;MÉDICAMENTS MIXTES ADRÉNERGIQUES-SÉROTONINERGIQUES;THROMBOLYTIQUES
ANTIARYTHMIQUES, AUTRES ANTIARYTHMIQUES
ANTIARYTHMIQUES CLASSE IA,ESMOLOL;INDUCTEURS ENZYMATIQUES PUISSANTS;RIFAMPICINE
ANTICHOLINESTÉRASIQUES,BÊTA-BLOQUANTS DANS L'INSUFFISANCE CARDIAQUE;MÉDICAMENTS ATROPINIQUES;PILOCARPINE;SUXAMETHONIUM
ANTICOAGULANTS ORAUX, AUTRES ANTICOAGULANTS ORAUX;ACIDE ACETYLSALICYLIQUE;ANTIAGRÉGANTS PLAQUETTAIRES;ANTI-INFLAMMATOIRES NON STÉROÏDIENS;COBIMÉTINIB;DÉFIBROTIDE;GLUCOCORTICOÏDES (SAUF HYDROCORTISONE);HÉPARINES;IBRUTINIB;IMATINIB;INHIBITEURS SÉLECTIFS DE LA RECAPTURE DE LA SÉROTONINE;IPILIMUMAB;MÉDICAMENTS MIXTES ADRÉNERGIQUES-SÉROTONINERGIQUES;THROMBOLYTIQUES;TRAMADOL
ANTICONVULSIVANTS MÉTABOLISÉS,MILLEPERTUIS
ANTICORPS MONOCLONAUX (HORS ANTI-TNF ALPHA),VACCINS VIVANTS ATTÉNUÉS
ANTIDÉPRESSEURS IMIPRAMINIQUES,ADRÉNALINE (VOIE BUCCO-DENTAIRE OU SOUS-CUTANÉE);ANTIHYPERTENSEURS CENTRAUX;BÊTA-BLOQUANTS DANS L'INSUFFISANCE CARDIAQUE;INHIBITEURS SÉLECTIFS DE LA RECAPTURE DE LA SÉROTONINE;ORLISTAT;SYMPATHOMIMÉTIQUES ALPHA ET BÊTA (VOIE IM ET IV)
ANTIHYPERTENSEURS ALPHA-BLOQUANTS,ALPHABLOQUANTS À VISÉE UROLOGIQUE;ANTIHYPERTENSEURS SAUF ALPHA-BLOQUANTS;INHIBITEURS DE LA PHOSPHODIESTERASE DE TYPE 5
ANTIHYPERTENSEURS CENTRAUX,ANTIDÉPRESSEURS IMIPRAMINIQUES;BÊTA-BLOQUANTS (SAUF ESMOLOL) (Y COMPRIS COLLYRES);BÊTA-BLOQUANTS DANS L'INSUFFISANCE CARDIAQUE;DILTIAZEM;VERAPAMIL;YOHIMBINE
ANTIHYPERTENSEURS SAUF ALPHA-BLOQUANTS,ALPHABLOQUANTS À VISÉE UROLOGIQUE;ANTIHYPERTENSEURS ALPHA-BLOQUANTS
ANTI-INFLAMMATOIRES NON STÉROÏDIENS, AUTRES ANTI-INFLAMMATOIRES NON STÉROÏDIENS;ACIDE ACETYLSALICYLIQUE;ANTAGONISTES DES RÉCEPTEURS DE L'ANGIOTENSINE II;ANTIAGRÉGANTS PLAQUETTAIRES;ANTICOAGULANTS ORAUX;BÊTA-BLOQUANTS (SAUF ESMOLOL) (Y COMPRIS COLLYRES);CICLOSPORINE;COBIMÉTINIB;DEFERASIROX;DIURÉTIQUES;GLUCOCORTICOÏDES (SAUF HYDROCORTISONE);HÉPARINES (DOSES CURATIVES ET/OU SUJET ÂGÉ);HÉPARINES (DOSES PRÉVENTIVES);INHIBITEURS DE L'ENZYME DE CONVERSION;INHIBITEURS SÉLECTIFS DE LA RECAPTURE DE LA SÉROTONINE;LITHIUM;MÉDICAMENTS MIXTES ADRÉNERGIQUES-SÉROTONINERGIQUES;METHOTREXATE;MIFAMURTIDE;NICORANDIL;PEMETREXED;TACROLIMUS;TENOFOVIR DISOPROXIL
ANTIPARASITAIRES SUSCEPTIBLES DE DONNER DES TORSADES DE POINTES,SUBSTANCES SUSCEPTIBLES DE DONNER DES TORSADES DE POINTES
ANTIPARKINSONIENS ANTICHOLINERGIQUES,ALCALOÏDES DE L'ERGOT DE SEIGLE DOPAMINERGIQUES
ANTIPARKINSONIENS DOPAMINERGIQUES,NEUROLEPTIQUES ANTIPSYCHOTIQUES (SAUF CLOZAPINE)
ANTIPURINES,ANTIVITAMINES K;DÉRIVÉS DE L'ACIDE AMINOSALICYLIQUE (ASA);INHIBITEURS DE LA XANTHINE OXYDASE;RIBAVIRINE
ANTISÉCRÉTOIRES ANTIHISTAMINIQUES H2,ATAZANAVIR;CYANOCOBALAMINE;INHIBITEURS DE TYROSINE KINASES MÉTABOLISÉS;ITRACONAZOLE;KETOCONAZOLE;POSACONAZOLE;RILPIVIRINE;SOTORASIB;ULIPRISTAL
ANTISÉCRÉTOIRES INHIBITEURS DE LA POMPE À PROTONS,ATAZANAVIR;CYANOCOBALAMINE;HORMONES THYROÏDIENNES;INHIBITEURS DE TYROSINE KINASES MÉTABOLISÉS;ITRACONAZOLE;KETOCONAZOLE;LÉDIPASVIR;METHOTREXATE;MILLEPERTUIS;MYCOPHENOLATE MOFETIL;POSACONAZOLE;RILPIVIRINE;SOTORASIB;ULIPRISTAL;VELPATASVIR
ANTISEPTIQUES MERCURIELS,POVIDONE IODÉE
ANTISPASMODIQUES URINAIRES,INHIBITEURS PUISSANTS DU CYP3A4
ANTI-TNF ALPHA,ABATACEPT;ANAKINRA;CANAKINUMAB;VACCINS VIVANTS ATTÉNUÉS
ANTITUSSIFS MORPHINE-LIKE,ANALGÉSIQUES MORPHINIQUES AGONISTES;METHADONE
ANTITUSSIFS MORPHINIQUES VRAIS,ANALGÉSIQUES MORPHINIQUES AGONISTES;METHADONE;MORPHINIQUES AGONISTES-ANTAGONISTES
ANTIVITAMINES K,"ALLOPURINOL;AMIODARONE;ANDROGÈNES;ANTIPURINES;APREPITANT;BOSENTAN;CEFAMANDOLE;CEFAZOLINE;CEFTRIAXONE;CIMETIDINE;CLINDAMYCINE;COLCHICINE;CYCLINES;CYTOTOXIQUES;DANAZOL;DEFERASIROX;DISULFIRAME;ECONAZOLE;EFAVIRENZ;FIBRATES;FLUCONAZOLE;FLUOROQUINOLONES;FLUOROURACILE (ET, PAR EXTRAPOLATION, AUTRES FLUOROPYRIMIDINES);GLUCOSAMINE;INDUCTEURS ENZYMATIQUES PUISSANTS;INHIBITEURS DE L'HMG-COA RÉDUCTASE (STATINES);INHIBITEURS DE PROTÉASES BOOSTÉS PAR RITONAVIR;LEVOCARNITINE;MACROLIDES (SAUF SPIRAMYCINE);METHYLPREDNISOLONE;MICONAZOLE;MILLEPERTUIS;NEVIRAPINE;NOSCAPINE;ORLISTAT;PARACETAMOL;PENTOXIFYLLINE;PRISTINAMYCINE;PROGUANIL;RIFAMPICINE;ROPINIROLE;SULFAMETHOXAZOLE;TAMOXIFENE;TIBOLONE;VORICONAZOLE"
APALUTAMIDE,ATORVASTATINE;CABAZITAXEL;DOCETAXEL;IMMUNOSUPPRESSEURS;METHADONE;OLAPARIB;OMEPRAZOLE;PIMOZIDE;SIMVASTATINE
APIXABAN,FLUCONAZOLE;INDUCTEURS ENZYMATIQUES PUISSANTS;INHIBITEURS PUISSANTS DU CYP3A4;RIFAMPICINE
APOMORPHINE,SÉTRONS
APRÉMILAST,INDUCTEURS ENZYMATIQUES
APREPITANT,ANTIVITAMINES K;CYPROTERONE;ESTROPROGESTATIFS CONTRACEPTIFS;IFOSFAMIDE;INDUCTEURS ENZYMATIQUES PUISSANTS;ITRACONAZOLE;PIMOZIDE;PROGESTATIFS CONTRACEPTIFS;RIFAMPICINE
ARIPIPRAZOLE,INDUCTEURS ENZYMATIQUES;NEUROLEPTIQUES ANTIPSYCHOTIQUES (SAUF CLOZAPINE)
ARSENIEUX,SUBSTANCES SUSCEPTIBLES DE DONNER DES TORSADES DE POINTES
ATALUREN,AMINOSIDES
ATAZANAVIR,ANTISÉCRÉTOIRES ANTIHISTAMINIQUES H2;ANTISÉCRÉTOIRES INHIBITEURS DE LA POMPE À PROTONS;BICTÉGRAVIR;BUPRENORPHINE;CLARITHROMYCINE;EFAVIRENZ;ETRAVIRINE;GLÉCAPRÉVIR + PIBRENTASVIR;LÉNACAPAVIR;NEVIRAPINE;POSACONAZOLE;TENOFOVIR DISOPROXIL
ATORVASTATINE,APALUTAMIDE;AZITHROMYCINE;CICLOSPORINE;CLARITHROMYCINE;DILTIAZEM;ERYTHROMYCINE;FLUCONAZOLE;GLÉCAPRÉVIR + PIBRENTASVIR;INHIBITEURS DE PROTÉASES BOOSTÉS PAR RITONAVIR;ITRACONAZOLE;KETOCONAZOLE;OMBITASVIR + PARITAPRÉVIR;PAMPLEMOUSSE (JUS ET FRUIT);PONATINIB;POSACONAZOLE;RANOLAZINE;RIFAMPICINE;ROXITHROMYCINE;STIRIPENTOL;TELITHROMYCINE;VERAPAMIL
ATOVAQUONE,EFAVIRENZ;INHIBITEURS DE PROTÉASES BOOSTÉS PAR RITONAVIR;RIFABUTINE;RIFAMPICINE
AVANAFIL,PAMPLEMOUSSE (JUS ET FRUIT)
AZITHROMYCINE,ATORVASTATINE;CICLOSPORINE;IVABRADINE;SIMVASTATINE;SUBSTANCES SUSCEPTIBLES DE DONNER DES TORSADES DE POINTES
AZTREONAM,"VALPROÏQUE (ACIDE) ET, PAR EXTRAPOLATION, VALPROMIDE"
BACLOFENE,LEVODOPA
BARBITURIQUES,BENZODIAZÉPINES ET APPARENTÉS;MORPHINIQUES;OXYBATE DE SODIUM
BAZÉDOXIFÈNE,INDUCTEURS ENZYMATIQUES
BÉDAQUILINE,INDUCTEURS ENZYMATIQUES;INHIBITEURS PUISSANTS DU CYP3A4;MILLEPERTUIS
BÉLATACEPT,VACCINS VIVANTS ATTÉNUÉS
BENZODIAZÉPINES ET APPARENTÉS,BARBITURIQUES;BUPRENORPHINE;CLOZAPINE;MORPHINIQUES
BÊTA-2 MIMÉTIQUES,BÊTA-BLOQUANTS NON CARDIO-SÉLECTIFS (Y COMPRIS COLLYRES);HALOTHANE;INSULINE;SULFAMIDES HYPOGLYCÉMIANTS
BÊTA-BLOQUANTS (SAUF ESMOLOL ET SOTALOL) (Y COMPRIS COLLYRES),AMIODARONE
BÊTA-BLOQUANTS (SAUF ESMOLOL) (Y COMPRIS COLLYRES),ANESTHÉSIQUES VOLATILS HALOGÉNÉS;ANTIHYPERTENSEURS CENTRAUX;ANTI-INFLAMMATOIRES NON STÉROÏDIENS;DIHYDROPYRIDINES;DILTIAZEM;DIPYRIDAMOLE;GLINIDES;GLIPTINES;INSULINE;LIDOCAINE;PROPAFENONE;SULFAMIDES HYPOGLYCÉMIANTS;VERAPAMIL
BÊTA-BLOQUANTS DANS L'INSUFFISANCE CARDIAQUE,AMIODARONE;ANESTHÉSIQUES VOLATILS HALOGÉNÉS;ANTICHOLINESTÉRASIQUES;ANTIDÉPRESSEURS IMIPRAMINIQUES;ANTIHYPERTENSEURS CENTRAUX;DIGOXINE;DIHYDROPYRIDINES;DILTIAZEM;GLINIDES;INSULINE;LIDOCAINE;MEXILETINE;NEUROLEPTIQUES;SUBSTANCES SUSCEPTIBLES DE DONNER DES TORSADES DE POINTES;SULFAMIDES HYPOGLYCÉMIANTS;VERAPAMIL
BÊTA-BLOQUANTS NON CARDIO-SÉLECTIFS (Y COMPRIS COLLYRES),BÊTA-2 MIMÉTIQUES
BICTÉGRAVIR,ATAZANAVIR;FER;INDUCTEURS ENZYMATIQUES;MILLEPERTUIS;RIFAMPICINE
BISPHOSPHONATES,CALCIUM;FER
BLEOMYCINE,BRENTUXIMAB
BORTEZOMIB,INDUCTEURS ENZYMATIQUES;INHIBITEURS PUISSANTS DU CYP3A4
BOSENTAN,"ANTIVITAMINES K;CICLOSPORINE;CYPROTERONE;ESTROPROGESTATIFS CONTRACEPTIFS;GLIBENCLAMIDE;INDUCTEURS ENZYMATIQUES PUISSANTS;INHIBITEURS PUISSANTS DU CYP3A4;PROGESTATIFS CONTRACEPTIFS;PROGESTATIFS NON CONTRACEPTIFS, ASSOCIÉS OU NON À UN ESTROGÈNE;RIFAMPICINE"
BOTULIQUE (TOXINE),AMINOSIDES
BRADYCARDISANTS, AUTRES BRADYCARDISANTS;FINGOLIMOD;OZANIMOD;PONÉSIMOD;SUBSTANCES SUSCEPTIBLES DE DONNER DES TORSADES DE POINTES
BRENTUXIMAB,BLEOMYCINE;INHIBITEURS PUISSANTS DU CYP3A4
BUPRENORPHINE,ATAZANAVIR;BENZODIAZÉPINES ET APPARENTÉS;INHIBITEURS DE PROTÉASES BOOSTÉS PAR RITONAVIR;ITRACONAZOLE;KETOCONAZOLE
BUPROPION,CLOMIPRAMINE;CODEINE;DESIPRAMINE;IMAO-B;MEQUITAZINE;METOPROLOL;NORTRIPTYLINE;PROPAFENONE;TAMOXIFENE;TETRABENAZINE;TRAMADOL;VÉMURAFÉNIB
BUSPIRONE,DIAZEPAM;DILTIAZEM;ERYTHROMYCINE;ITRACONAZOLE;MILLEPERTUIS;PAMPLEMOUSSE (JUS ET FRUIT);RIFAMPICINE;VERAPAMIL
BUSULFAN,DEFERASIROX;ITRACONAZOLE;METRONIDAZOLE
CABAZITAXEL,APALUTAMIDE;INDUCTEURS ENZYMATIQUES;INHIBITEURS PUISSANTS DU CYP3A4
CABOTEGRAVIR,INDUCTEURS ENZYMATIQUES
CAFEINE,CIPROFLOXACINE;DIPYRIDAMOLE;ENOXACINE;LITHIUM;MEXILETINE;NORFLOXACINE;STIRIPENTOL
CALCITONINE,LITHIUM
CALCIUM,BISPHOSPHONATES;CIPROFLOXACINE;CYCLINES;DIGOXINE;DIURÉTIQUES THIAZIDIQUES ET APPARENTÉS;ESTRAMUSTINE;FER;HORMONES THYROÏDIENNES;INHIBITEURS D'INTÉGRASE;NORFLOXACINE;ROXADUSTAT;STRONTIUM;ZINC
CANAKINUMAB,ANTI-TNF ALPHA
CANNABIDIOL,INDUCTEURS ENZYMATIQUES PUISSANTS;MILLEPERTUIS;RIFAMPICINE
CARBAMAZEPINE,"ACETAZOLAMIDE;CIMETIDINE;CLARITHROMYCINE;CLONAZEPAM;DANAZOL;DIGOXINE;DIURÉTIQUES HYPOKALIÉMIANTS;ERYTHROMYCINE;ETHOSUXIMIDE;FELBAMATE;FLUCONAZOLE;FLUOXETINE;FLUVOXAMINE;ISONIAZIDE;JOSAMYCINE;LAMOTRIGINE;LITHIUM;MILLEPERTUIS;NINTÉDANIB;OLANZAPINE;PAMPLEMOUSSE (JUS ET FRUIT);PAROXETINE;PHÉNOBARBITAL (ET, PAR EXTRAPOLATION, PRIMIDONE);PHÉNYTOÏNE (ET, PAR EXTRAPOLATION, FOSPHÉNYTOÏNE);RIFAMPICINE;RISPERIDONE;SIMVASTATINE;TOPIRAMATE;VALPROÏQUE (ACIDE) ET, PAR EXTRAPOLATION, VALPROMIDE;VERAPAMIL"
CARMUSTINE,CIMETIDINE
CARVEDILOL,CIMETIDINE;RIFAMPICINE
CASPOFUNGINE,INDUCTEURS ENZYMATIQUES
CEFALOTINE,AMINOSIDES
CEFAMANDOLE,ANTIVITAMINES K
CEFAZOLINE,ANTIVITAMINES K
CEFTRIAXONE,ANTIVITAMINES K
CHLORDIAZEPOXIDE,CIMETIDINE
CHLOROQUINE,CICLOSPORINE;CIMETIDINE;HORMONES THYROÏDIENNES
CHLORPROMAZINE,INSULINE;SULFAMIDES HYPOGLYCÉMIANTS
CICLOSPORINE,ACIDE ASCORBIQUE;ACIDE URSODESOXYCHOLIQUE;AFATINIB;AMBRISENTAN;AMINOSIDES;AMIODARONE;AMPHOTERICINE B;ANALOGUES DE LA SOMATOSTATINE;ANTI-INFLAMMATOIRES NON STÉROÏDIENS;ATORVASTATINE;AZITHROMYCINE;BOSENTAN;CHLOROQUINE;CIMETIDINE;CLINDAMYCINE;COLCHICINE;DABIGATRAN;DANAZOL;DIURÉTIQUES ÉPARGNEURS DE POTASSIUM (SEULS OU ASSOCIÉS);DIURÉTIQUES HYPOKALIÉMIANTS;ÉDOXABAN;EVEROLIMUS;EZETIMIBE;FENOFIBRATE;FIDAXOMICINE;FLUVASTATINE;GRAZOPREVIR + ELBASVIR;JOSAMYCINE;LERCANIDIPINE;METHOTREXATE;METHYLPREDNISOLONE;MIDECAMYCINE;MIFAMURTIDE;MODAFINIL;NIFEDIPINE;NINTÉDANIB;ORLISTAT;OZANIMOD;PITAVASTATINE;POTASSIUM;PRAVASTATINE;PREDNISOLONE;REPAGLINIDE;ROSUVASTATINE;ROXITHROMYCINE;SIMVASTATINE;SIROLIMUS;SULFINPYRAZONE;TALAZOPARIB;TÉNOFOVIR ALAFÉNAMIDE;TERBINAFINE;TICLOPIDINE;TIGECYCLINE;TRIMETHOPRIME;VERAPAMIL
CIMETIDINE,"ALFENTANIL;ANTIVITAMINES K;CARBAMAZEPINE;CARMUSTINE;CARVEDILOL;CHLORDIAZEPOXIDE;CHLOROQUINE;CICLOSPORINE;DIAZEPAM;LIDOCAINE;LOMUSTINE;METHADONE;METOPROLOL;MOCLOBEMIDE;NIFEDIPINE;PHÉNYTOÏNE (ET, PAR EXTRAPOLATION, FOSPHÉNYTOÏNE);THÉOPHYLLINE (ET, PAR EXTRAPOLATION, AMINOPHYLLINE)"
CINACALCET,CODEINE;DEXTROMETHORPHANE;ÉTELCALCÉTIDE;MEQUITAZINE;METOPROLOL;PROPAFENONE;TETRABENAZINE;TRAMADOL
CIPROFLOXACINE,"AGOMELATINE;CAFEINE;CALCIUM;CLOZAPINE;METHOTREXATE;PHÉNYTOÏNE (ET, PAR EXTRAPOLATION, FOSPHÉNYTOÏNE);ROPINIROLE;SUBSTANCES SUSCEPTIBLES DE DONNER DES TORSADES DE POINTES;THÉOPHYLLINE (ET, PAR EXTRAPOLATION, AMINOPHYLLINE)"
CITRATES,ALUMINIUM (SELS)
CLADRIBINE,LAMIVUDINE
CLARITHROMYCINE,"ATAZANAVIR;ATORVASTATINE;CARBAMAZEPINE;ETRAVIRINE;FIDAXOMICINE;IMMUNOSUPPRESSEURS;INHIBITEURS DE PROTÉASES BOOSTÉS PAR RITONAVIR;LINEZOLIDE;PRAVASTATINE;REPAGLINIDE;RIFABUTINE;RIFAMPICINE;SUBSTANCES SUSCEPTIBLES DE DONNER DES TORSADES DE POINTES;SULFAMIDES HYPOGLYCÉMIANTS;TALAZOPARIB;THÉOPHYLLINE (ET, PAR EXTRAPOLATION, AMINOPHYLLINE);VENLAFAXINE"
CLINDAMYCINE,ANTIVITAMINES K;CICLOSPORINE;TACROLIMUS
CLOBAZAM,STIRIPENTOL
CLOMIPRAMINE,BUPROPION
CLONAZEPAM,CARBAMAZEPINE
CLOPIDOGREL,"ACIDE ACETYLSALICYLIQUE;OZANIMOD;PACLITAXEL;PHÉNYTOÏNE (ET, PAR EXTRAPOLATION, FOSPHÉNYTOÏNE);REPAGLINIDE;SELEXIPAG"
CLOZAPINE,BENZODIAZÉPINES ET APPARENTÉS;CIPROFLOXACINE;FLUVOXAMINE;INDUCTEURS ENZYMATIQUES PUISSANTS;MILLEPERTUIS;RIFAMPICINE
COBICISTAT,AMIODARONE;ETRAVIRINE;GLUCOCORTICOÏDES PAR VOIE INTRA-ARTICULAIRE ET MÉTABOLISÉS;INDUCTEURS ENZYMATIQUES PUISSANTS;INHIBITEURS PUISSANTS DU CYP3A4;MILLEPERTUIS;QUINIDINE;RIFABUTINE;RIFAMPICINE;TÉNOFOVIR ALAFÉNAMIDE
COBIMÉTINIB,ANTIAGRÉGANTS PLAQUETTAIRES;ANTICOAGULANTS ORAUX;ANTI-INFLAMMATOIRES NON STÉROÏDIENS;DÉFIBROTIDE;GLUCOCORTICOÏDES (SAUF HYDROCORTISONE);HÉPARINES;INHIBITEURS DE L'HMG-COA RÉDUCTASE (STATINES);INHIBITEURS SÉLECTIFS DE LA RECAPTURE DE LA SÉROTONINE;MÉDICAMENTS MIXTES ADRÉNERGIQUES-SÉROTONINERGIQUES;PENTOXIFYLLINE
COCAINE,DISULFIRAME
CODEINE,BUPROPION;CINACALCET;DULOXETINE;FLUOXETINE;PAROXETINE;QUINIDINE;TERBINAFINE
COLCHICINE,ANTIVITAMINES K;CICLOSPORINE;FIBRATES;FLUCONAZOLE;INHIBITEURS DE L'HMG-COA RÉDUCTASE (STATINES);INHIBITEURS PUISSANTS DU CYP3A4;MACROLIDES (SAUF SPIRAMYCINE);OMBITASVIR + PARITAPRÉVIR;PONATINIB;PRISTINAMYCINE;ROLAPITANT;VERAPAMIL
COLISTINE,CURARES
CORTICOÏDES,MIFAMURTIDE
CORTICOÏDES (VOIE INTRA-ARTICULAIRE),RITONAVIR
"CORTICOÏDES MÉTABOLISÉS, NOTAMMENT INHALÉS",INHIBITEURS PUISSANTS DU CYP3A4
CRIZOTINIB,IBRUTINIB;SUBSTANCES SUSCEPTIBLES DE DONNER DES TORSADES DE POINTES;SUBSTRATS À RISQUE DU CYP3A4
CURARES,AMINOSIDES;COLISTINE;LINCOSANIDES;POLYMYXINE B
CURARES NON DÉPOLARISANTS,GLUCOCORTICOÏDES (SAUF HYDROCORTISONE)
CYANOCOBALAMINE,ANTISÉCRÉTOIRES ANTIHISTAMINIQUES H2;ANTISÉCRÉTOIRES INHIBITEURS DE LA POMPE À PROTONS
CYCLINES,ANTIVITAMINES K;CALCIUM;FER;RÉTINOÏDES;STRONTIUM;VITAMINE A;ZINC
CYCLOPHOSPHAMIDE,INDUCTEURS ENZYMATIQUES;MILLEPERTUIS;PENTOSTATINE
CYPROHEPTADINE,INHIBITEURS SÉLECTIFS DE LA RECAPTURE DE LA SÉROTONINE
CYPROTERONE,APREPITANT;BOSENTAN;INDUCTEURS ENZYMATIQUES;INHIBITEURS DE PROTÉASES BOOSTÉS PAR RITONAVIR;MILLEPERTUIS;PÉRAMPANEL;ULIPRISTAL
CYTOTOXIQUES,"ANTIVITAMINES K;FLUCYTOSINE;IMMUNOSUPPRESSEURS;OLAPARIB;PHÉNYTOÏNE (ET, PAR EXTRAPOLATION, FOSPHÉNYTOÏNE);VACCINS VIVANTS ATTÉNUÉS"
DABIGATRAN,AMIODARONE;CICLOSPORINE;DRONEDARONE;GLÉCAPRÉVIR + PIBRENTASVIR;INDUCTEURS ENZYMATIQUES PUISSANTS;ITRACONAZOLE;KETOCONAZOLE;PONATINIB;QUINIDINE;RIFAMPICINE;ROLAPITANT;TACROLIMUS;TICAGRELOR;VERAPAMIL
DACARBAZINE,FOTEMUSTINE
DALFOPRISTINE,DIHYDROERGOTAMINE;ERGOTAMINE;IMMUNOSUPPRESSEURS;PIMOZIDE
DANAZOL,ANTIVITAMINES K;CARBAMAZEPINE;CICLOSPORINE;INSULINE;SIMVASTATINE;SULFAMIDES HYPOGLYCÉMIANTS;TACROLIMUS
DANTROLENE,DIHYDROPYRIDINES;DILTIAZEM;VERAPAMIL
DAPOXÉTINE,INHIBITEURS PUISSANTS DU CYP3A4;MÉDICAMENTS À L'ORIGINE D'UNE HYPOTENSION ORTHOSTATIQUE
DAPSONE,ZIDOVUDINE
DAPTOMYCINE,INHIBITEURS DE L'HMG-COA RÉDUCTASE (STATINES)
DARIFENACINE,METOPROLOL;PROPAFENONE
DAROLUTAMIDE,INDUCTEURS ENZYMATIQUES PUISSANTS;RIFAMPICINE;ROSUVASTATINE
DARUNAVIR,ETRAVIRINE
DASABUVIR,ETHINYLESTRADIOL;GEMFIBROZIL;INDUCTEURS ENZYMATIQUES;MILLEPERTUIS;MITOTANE
DEFERASIROX,ACIDE ACETYLSALICYLIQUE;ANTI-INFLAMMATOIRES NON STÉROÏDIENS;ANTIVITAMINES K;BUSULFAN;DÉFÉRIPRONE;DÉFÉROXAMINE;INDUCTEURS ENZYMATIQUES PUISSANTS;PACLITAXEL;REPAGLINIDE;RIFAMPICINE;SELEXIPAG
DÉFÉRIPRONE,ACIDE ASCORBIQUE;DEFERASIROX
DÉFÉROXAMINE,ACIDE ASCORBIQUE;DEFERASIROX
DÉFIBROTIDE,ANTIAGRÉGANTS PLAQUETTAIRES;ANTICOAGULANTS ORAUX;COBIMÉTINIB;HÉPARINES;THROMBOLYTIQUES
DÉLAMANID,INDUCTEURS ENZYMATIQUES PUISSANTS;INHIBITEURS PUISSANTS DU CYP3A4;RIFAMPICINE;SUBSTANCES SUSCEPTIBLES DE DONNER DES TORSADES DE POINTES
DÉRIVÉS DE L'ACIDE AMINOSALICYLIQUE (ASA),ANTIPURINES
DÉRIVÉS NITRÉS ET APPARENTÉS,INHIBITEURS DE LA PHOSPHODIESTERASE DE TYPE 5;RIOCIGUAT
DESIPRAMINE,BUPROPION
DEXAMETHASONE,PRAZIQUANTEL;RILPIVIRINE
DEXTRAN,HÉPARINES (DOSES CURATIVES ET/OU SUJET ÂGÉ)
DEXTROMETHORPHANE,"CINACALCET;IMAO IRRÉVERSIBLES;IMAO-A RÉVERSIBLES, Y COMPRIS OXAZOLIDINONES ET BLEU DE MÉTHYLÈNE"
DIAZEPAM,"BUSPIRONE;CIMETIDINE;PHÉNYTOÏNE (ET, PAR EXTRAPOLATION, FOSPHÉNYTOÏNE);STIRIPENTOL"
DIDANOSINE,ALLOPURINOL;GANCICLOVIR;PENTAMIDINE;RIBAVIRINE;TENOFOVIR DISOPROXIL;THALIDOMIDE
DIGOXINE,AMIODARONE;BÊTA-BLOQUANTS DANS L'INSUFFISANCE CARDIAQUE;CALCIUM;CARBAMAZEPINE;DRONEDARONE;GLÉCAPRÉVIR + PIBRENTASVIR;HYDROQUINIDINE;HYPOKALIÉMIANTS;INHIBITEURS DE PROTÉASES BOOSTÉS PAR RITONAVIR;ITRACONAZOLE;MACROLIDES (SAUF SPIRAMYCINE);MIDODRINE;MILLEPERTUIS;OMEPRAZOLE;PONATINIB;POSACONAZOLE;PROPAFENONE;QUINIDINE;QUININE;RANOLAZINE;RIFAMPICINE;ROLAPITANT;SUCRALFATE;SULFASALAZINE;TELITHROMYCINE;VERAPAMIL
DIHYDROERGOTAMINE,DALFOPRISTINE;DILTIAZEM;EFAVIRENZ;MACROLIDES (SAUF SPIRAMYCINE);QUINUPRISTINE;STIRIPENTOL;TRICLABENDAZOLE
DIHYDROPYRIDINES,BÊTA-BLOQUANTS (SAUF ESMOLOL) (Y COMPRIS COLLYRES);BÊTA-BLOQUANTS DANS L'INSUFFISANCE CARDIAQUE;DANTROLENE
DILTIAZEM,ALFENTANIL;AMIODARONE;ANTIHYPERTENSEURS CENTRAUX;ATORVASTATINE;BÊTA-BLOQUANTS (SAUF ESMOLOL) (Y COMPRIS COLLYRES);BÊTA-BLOQUANTS DANS L'INSUFFISANCE CARDIAQUE;BUSPIRONE;DANTROLENE;DIHYDROERGOTAMINE;DRONEDARONE;ERGOTAMINE;ESMOLOL;IBRUTINIB;IMMUNOSUPPRESSEURS;IVABRADINE;LOMITAPIDE;MIDAZOLAM;NALOXEGOL;NIFEDIPINE;OLAPARIB;PIMOZIDE;SIMVASTATINE;TAMSULOSINE;TICAGRELOR;TOLVAPTAN;VÉNÉTOCLAX
DIMÉTHYLE ( FUMARATE DE),VACCINS VIVANTS ATTÉNUÉS
DIPROPHYLLINE,PROBENECIDE
DIPYRIDAMOLE," THÉINE;BÊTA-BLOQUANTS (SAUF ESMOLOL) (Y COMPRIS COLLYRES);CAFEINE;THÉOPHYLLINE (ET, PAR EXTRAPOLATION, AMINOPHYLLINE)"
DISOPYRAMIDE,INDUCTEURS ENZYMATIQUES;INHIBITEURS PUISSANTS DU CYP3A4;JOSAMYCINE;OMBITASVIR + PARITAPRÉVIR
DISULFIRAME,"ANTIVITAMINES K;COCAINE;ISONIAZIDE;METRONIDAZOLE;PHÉNYTOÏNE (ET, PAR EXTRAPOLATION, FOSPHÉNYTOÏNE)"
DIURÉTIQUES,ACIDE ACETYLSALICYLIQUE;ANTI-INFLAMMATOIRES NON STÉROÏDIENS;PRODUITS DE CONTRASTE IODÉS
DIURÉTIQUES DE L'ANSE,AMINOSIDES;LITHIUM;METFORMINE;ORGANOPLATINES
DIURÉTIQUES ÉPARGNEURS DE POTASSIUM (SEULS OU ASSOCIÉS), AUTRES DIURÉTIQUES ÉPARGNEURS DE POTASSIUM (SEULS OU ASSOCIÉS);ANTAGONISTES DES RÉCEPTEURS DE L'ANGIOTENSINE II;CICLOSPORINE;DIURÉTIQUES HYPOKALIÉMIANTS;INHIBITEURS DE L'ENZYME DE CONVERSION;LITHIUM;POTASSIUM;TACROLIMUS
DIURÉTIQUES HYPOKALIÉMIANTS,ANTAGONISTES DES RÉCEPTEURS DE L'ANGIOTENSINE II;CARBAMAZEPINE;CICLOSPORINE;DIURÉTIQUES ÉPARGNEURS DE POTASSIUM (SEULS OU ASSOCIÉS);INHIBITEURS DE L'ENZYME DE CONVERSION
DIURÉTIQUES THIAZIDIQUES ET APPARENTÉS,CALCIUM;LITHIUM
DOCETAXEL,AMIODARONE;APALUTAMIDE;DRONEDARONE;INDUCTEURS ENZYMATIQUES;INHIBITEURS PUISSANTS DU CYP3A4;MILLEPERTUIS
DOLUTÉGRAVIR,INDUCTEURS ENZYMATIQUES;METFORMINE;MILLEPERTUIS
DOMPERIDONE,FLUCONAZOLE;INHIBITEURS PUISSANTS DU CYP3A4
DOPAMINERGIQUES,NEUROLEPTIQUES ANTIÉMÉTIQUES;TETRABENAZINE
"DOPAMINERGIQUES, HORS PARKINSON",NEUROLEPTIQUES ANTIPSYCHOTIQUES (SAUF CLOZAPINE)
DOXORUBICINE,VERAPAMIL
DOXYCYCLINE,INDUCTEURS ENZYMATIQUES PUISSANTS;RIFAMPICINE
DRONEDARONE,DABIGATRAN;DIGOXINE;DILTIAZEM;DOCETAXEL;ÉDOXABAN;FIDAXOMICINE;IBRUTINIB;IMMUNOSUPPRESSEURS;INDUCTEURS ENZYMATIQUES PUISSANTS;INHIBITEURS PUISSANTS DU CYP3A4;MILLEPERTUIS;PAMPLEMOUSSE (JUS ET FRUIT);QUINIDINE;RIFAMPICINE;SIMVASTATINE;TALAZOPARIB;VERAPAMIL
DULOXETINE,CODEINE;ENOXACINE;FLUVOXAMINE;MEQUITAZINE;METOPROLOL;PROPAFENONE;TAMOXIFENE;TETRABENAZINE;TRAMADOL
ECONAZOLE,ANTIVITAMINES K
ÉDOXABAN,CICLOSPORINE;DRONEDARONE;ERYTHROMYCINE;ITRACONAZOLE
EFAVIRENZ,ANTIVITAMINES K;ATAZANAVIR;ATOVAQUONE;DIHYDROERGOTAMINE;ERGOTAMINE;FOSAMPRENAVIR;GINKGO;HORMONES THYROÏDIENNES;LÉNACAPAVIR;MILLEPERTUIS;PIMOZIDE;RIFABUTINE;RIFAMPICINE;VELPATASVIR;VORICONAZOLE
ÉLIGLUSTAT,INHIBITEURS PUISSANTS DU CYP3A4
ELTROMBOPAG,INHIBITEURS DE L'HMG-COA RÉDUCTASE (STATINES);OZANIMOD
ELVITÉGRAVIR,ESTROPROGESTATIFS CONTRACEPTIFS;ITRACONAZOLE;KETOCONAZOLE;RIFABUTINE
ENOXACINE,"CAFEINE;DULOXETINE;ROPINIROLE;THÉOPHYLLINE (ET, PAR EXTRAPOLATION, AMINOPHYLLINE)"
ENTACAPONE,FER
ENZALUTAMIDE,GEMFIBROZIL
EPLERENONE,ANTAGONISTES DES RÉCEPTEURS DE L'ANGIOTENSINE II;INHIBITEURS DE L'ENZYME DE CONVERSION;INHIBITEURS PUISSANTS DU CYP3A4
ERGOTAMINE,DALFOPRISTINE;DILTIAZEM;EFAVIRENZ;MACROLIDES (SAUF SPIRAMYCINE);OXPRENOLOL;PROPRANOLOL;QUINUPRISTINE;STIRIPENTOL;TRICLABENDAZOLE
ERYTHROMYCINE,"AFATINIB;ALFENTANIL;ATORVASTATINE;BUSPIRONE;CARBAMAZEPINE;ÉDOXABAN;FIDAXOMICINE;GLIBENCLAMIDE;GLIMEPIRIDE;IMMUNOSUPPRESSEURS;NINTÉDANIB;PRAVASTATINE;TALAZOPARIB;THÉOPHYLLINE (ET, PAR EXTRAPOLATION, AMINOPHYLLINE);VENLAFAXINE;VERAPAMIL"
ESCITALOPRAM,ESOMEPRAZOLE;OMEPRAZOLE
ESMOLOL,AMIODARONE;ANTIARYTHMIQUES CLASSE IA;DILTIAZEM;PROPAFENONE;VERAPAMIL
ESOMEPRAZOLE,ESCITALOPRAM
ESTRAMUSTINE,ACIDE CLODRONIQUE;CALCIUM;INHIBITEURS DE L'ENZYME DE CONVERSION
ESTROGÈNES NON CONTRACEPTIFS,HORMONES THYROÏDIENNES;INDUCTEURS ENZYMATIQUES PUISSANTS;OXCARBAZEPINE
ESTROPROGESTATIFS CONTRACEPTIFS,APREPITANT;BOSENTAN;ELVITÉGRAVIR;FELBAMATE;GRISEOFULVINE;INDUCTEURS ENZYMATIQUES;INHIBITEURS DE PROTÉASES BOOSTÉS PAR RITONAVIR;LAMOTRIGINE;MILLEPERTUIS;MODAFINIL;RUFINAMIDE;TOPIRAMATE;VÉMURAFÉNIB
ESZOPICLONE,INHIBITEURS PUISSANTS DU CYP3A4;RIFAMPICINE
ETANERCEPT,ANAKINRA
ÉTELCALCÉTIDE,CINACALCET
ETHINYLESTRADIOL,DASABUVIR;GLÉCAPRÉVIR + PIBRENTASVIR;OMBITASVIR + PARITAPRÉVIR
ETHOSUXIMIDE,CARBAMAZEPINE
ETOPOSIDE,INDUCTEURS ENZYMATIQUES;MILLEPERTUIS
ETRAVIRINE,ATAZANAVIR;CLARITHROMYCINE;COBICISTAT;DARUNAVIR;GRAZOPREVIR + ELBASVIR
EVEROLIMUS,CICLOSPORINE;OMBITASVIR + PARITAPRÉVIR;VERAPAMIL
EXEMESTANE,RIFAMPICINE
EZETIMIBE,CICLOSPORINE;FENOFIBRATE
FELBAMATE,"CARBAMAZEPINE;ESTROPROGESTATIFS CONTRACEPTIFS;PHÉNOBARBITAL (ET, PAR EXTRAPOLATION, PRIMIDONE);PHÉNYTOÏNE (ET, PAR EXTRAPOLATION, FOSPHÉNYTOÏNE);VALPROÏQUE (ACIDE) ET, PAR EXTRAPOLATION, VALPROMIDE"
FENOFIBRATE,CICLOSPORINE;EZETIMIBE
FENTANYL,INDUCTEURS ENZYMATIQUES PUISSANTS;INHIBITEURS PUISSANTS DU CYP3A4;RIFAMPICINE
FER, SELS DE FER PAR VOIE INJECTABLE;ACIDE ACETOHYDROXAMIQUE;BICTÉGRAVIR;BISPHOSPHONATES;CALCIUM;CYCLINES;ENTACAPONE;FLUOROQUINOLONES;HORMONES THYROÏDIENNES;INHIBITEURS D'INTÉGRASE;LEVODOPA;METHYLDOPA;PENICILLAMINE;ROXADUSTAT;STRONTIUM;TRIENTINE;ZINC
FEXOFENADINE,MILLEPERTUIS
FIBRATES, FIBRATES (AUTRES);ANTIVITAMINES K;COLCHICINE;INHIBITEURS DE L'HMG-COA RÉDUCTASE (STATINES)
FIDAXOMICINE,AMIODARONE;CICLOSPORINE;CLARITHROMYCINE;DRONEDARONE;ERYTHROMYCINE;KETOCONAZOLE;VERAPAMIL
FINGOLIMOD,BRADYCARDISANTS
FLUCLOXACILLINE,PARACETAMOL;VORICONAZOLE
FLUCONAZOLE,"ABROCITINIB;ALFENTANIL;AMIODARONE;ANTIVITAMINES K;APIXABAN;ATORVASTATINE;CARBAMAZEPINE;COLCHICINE;DOMPERIDONE;HALOFANTRINE;IBRUTINIB;IMMUNOSUPPRESSEURS;IVACAFTOR (SEUL OU ASSOCIÉ);LOSARTAN;MIDAZOLAM;NEVIRAPINE;OLAPARIB;OXYCODONE;0;PHÉNYTOÏNE (ET, PAR EXTRAPOLATION, FOSPHÉNYTOÏNE);PIMOZIDE;RIFABUTINE;RIFAMPICINE;RIVAROXABAN;SIMVASTATINE;SULFAMIDES HYPOGLYCÉMIANTS;THÉOPHYLLINE (ET, PAR EXTRAPOLATION, AMINOPHYLLINE);TOLVAPTAN;VINCA-ALCALOÏDES CYTOTOXIQUES"
FLUCYTOSINE,CYTOTOXIQUES;GANCICLOVIR;IMMUNOSUPPRESSEURS;VALGANCICLOVIR;1;ZIDOVUDINE
FLUDARABINE,PENTOSTATINE
FLUOROQUINOLONES,ANTIVITAMINES K;FER;GLUCOCORTICOÏDES (SAUF HYDROCORTISONE);MYCOPHENOLATE MOFETIL;STRONTIUM;SUCRALFATE;ZINC
"FLUOROURACILE (ET, PAR EXTRAPOLATION, AUTRES FLUOROPYRIMIDINES)",ACIDE FOLINIQUE;ANTIVITAMINES K;INTERFERON ALFA;METRONIDAZOLE;2;ORNIDAZOLE
FLUOXETINE,"CARBAMAZEPINE;CODEINE;MEQUITAZINE;METOPROLOL;NEBIVOLOL;PHÉNYTOÏNE (ET, PAR EXTRAPOLATION, FOSPHÉNYTOÏNE);PIMOZIDE;RISPERIDONE;TAMOXIFENE;TETRABENAZINE;TRAMADOL"
FLUVASTATINE,CICLOSPORINE;3
FLUVOXAMINE,"ABROCITINIB;AGOMELATINE;CARBAMAZEPINE;CLOZAPINE;DULOXETINE;LIDOCAINE;METHADONE;MEXILETINE;OLANZAPINE;PHÉNYTOÏNE (ET, PAR EXTRAPOLATION, FOSPHÉNYTOÏNE);PIRFENIDONE;PROPRANOLOL;ROPINIROLE;4;THÉOPHYLLINE (ET, PAR EXTRAPOLATION, AMINOPHYLLINE)"
FOLATES,"PHÉNOBARBITAL (ET, PAR EXTRAPOLATION, PRIMIDONE);PHÉNYTOÏNE (ET, PAR EXTRAPOLATION, FOSPHÉNYTOÏNE)"
FOSAMPRENAVIR,EFAVIRENZ;MARAVIROC;NEVIRAPINE
FOSCARNET,PENTAMIDINE
FOSTAMATINIB,ROSUVASTATINE
FOSTEMSAVIR,INDUCTEURS ENZYMATIQUES;MILLEPERTUIS;MITOTANE;5;ROSUVASTATINE
FOTEMUSTINE,DACARBAZINE
FUROSEMIDE,"PHÉNYTOÏNE (ET, PAR EXTRAPOLATION, FOSPHÉNYTOÏNE)"
GANCICLOVIR,DIDANOSINE;FLUCYTOSINE;MARIBAVIR;ZIDOVUDINE
GEMFIBROZIL,DASABUVIR;ENZALUTAMIDE;OZANIMOD;PACLITAXEL;6;REPAGLINIDE;ROXADUSTAT;SELEXIPAG;TUCATINIB
GILTÉRITINIB,MILLEPERTUIS
GINKGO,EFAVIRENZ
GIVOSIRAN,THEOPHYLLINE
GLASDÉGIB,INDUCTEURS ENZYMATIQUES;INHIBITEURS PUISSANTS DU CYP3A4;SUBSTANCES SUSCEPTIBLES DE DONNER DES TORSADES DE POINTES
GLÉCAPRÉVIR + PIBRENTASVIR,ATAZANAVIR;ATORVASTATINE;7;DABIGATRAN;DIGOXINE;ETHINYLESTRADIOL;MILLEPERTUIS;SIMVASTATINE
GLIBENCLAMIDE,BOSENTAN;ERYTHROMYCINE
GLIMEPIRIDE,ERYTHROMYCINE
GLINIDES,BÊTA-BLOQUANTS (SAUF ESMOLOL) (Y COMPRIS COLLYRES);BÊTA-BLOQUANTS DANS L'INSUFFISANCE CARDIAQUE
GLIPIZIDE,VORICONAZOLE
GLIPTINES,BÊTA-BLOQUANTS (SAUF ESMOLOL) (Y COMPRIS COLLYRES);INHIBITEURS DE L'ENZYME DE CONVERSION;8;INHIBITEURS DE L'HMG-COA RÉDUCTASE (STATINES)
GLOBULINES ANTILYMPHOCYTAIRES,IMMUNOSUPPRESSEURS;VACCINS VIVANTS ATTÉNUÉS
GLUCOCORTICOÏDES (SAUF HYDROCORTISONE),ACIDE ACETYLSALICYLIQUE;ANTICOAGULANTS ORAUX;ANTI-INFLAMMATOIRES NON STÉROÏDIENS;COBIMÉTINIB;CURARES NON DÉPOLARISANTS;FLUOROQUINOLONES;HÉPARINES;INDUCTEURS ENZYMATIQUES;ISONIAZIDE;9;VACCINS VIVANTS ATTÉNUÉS
GLUCOCORTICOÏDES PAR VOIE INTRA-ARTICULAIRE ET MÉTABOLISÉS,COBICISTAT;RITONAVIR
GLUCOSAMINE,ANTIVITAMINES K
GLYCEROL,LITHIUM
GRAZOPREVIR + ELBASVIR,CICLOSPORINE;ETRAVIRINE;INDUCTEURS ENZYMATIQUES;INHIBITEURS DE L'HMG-COA RÉDUCTASE (STATINES);INHIBITEURS PUISSANTS DU CYP3A4;0;SUNITINIB;TACROLIMUS
GRISEOFULVINE,ESTROPROGESTATIFS CONTRACEPTIFS;PROGESTATIFS CONTRACEPTIFS
GUANETHIDINE,IMAO IRRÉVERSIBLES
HALOFANTRINE,FLUCONAZOLE;INHIBITEURS PUISSANTS DU CYP3A4;JOSAMYCINE;PAMPLEMOUSSE (JUS ET FRUIT);STIRIPENTOL
HALOPERIDOL,INDUCTEURS ENZYMATIQUES PUISSANTS;RIFAMPICINE
HALOTHANE,"BÊTA-2 MIMÉTIQUES;1;THÉOPHYLLINE (ET, PAR EXTRAPOLATION, AMINOPHYLLINE)"
HÉPARINES,ANTIAGRÉGANTS PLAQUETTAIRES;ANTICOAGULANTS ORAUX;COBIMÉTINIB;DÉFIBROTIDE;GLUCOCORTICOÏDES (SAUF HYDROCORTISONE)
HÉPARINES (DOSES CURATIVES ET/OU SUJET ÂGÉ),ACIDE ACETYLSALICYLIQUE;ANTI-INFLAMMATOIRES NON STÉROÏDIENS;DEXTRAN;THROMBOLYTIQUES
HÉPARINES (DOSES PRÉVENTIVES),2;ACIDE ACETYLSALICYLIQUE;ANTI-INFLAMMATOIRES NON STÉROÏDIENS
HORMONES THYROÏDIENNES,ANTISÉCRÉTOIRES INHIBITEURS DE LA POMPE À PROTONS;CALCIUM;CHLOROQUINE;EFAVIRENZ;ESTROGÈNES NON CONTRACEPTIFS;FER;INDUCTEURS ENZYMATIQUES PUISSANTS;INHIBITEURS DE PROTÉASES BOOSTÉS PAR RITONAVIR;MILLEPERTUIS;ORLISTAT;PROGUANIL;RÉSINES CHÉLATRICES;3;RIFABUTINE;RIFAMPICINE;SELPERCATINIB;SUCRALFATE
HUILES MINÉRALES,PRÉSERVATIFS EN LATEX
HYDROCORTISONE,INDUCTEURS ENZYMATIQUES
HYDROQUINIDINE,ALCALINISANTS URINAIRES;DIGOXINE;ITRACONAZOLE
HYDROXYCARBAMIDE,VACCINS VIVANTS ATTÉNUÉS
HYDROXYCHLOROQUINE,SUBSTANCES SUSCEPTIBLES DE DONNER DES TORSADES DE POINTES;4
HYPERKALIÉMIANTS, AUTRES HYPERKALIÉMIANTS
HYPNOTIQUES, AUTRES HYPNOTIQUES
HYPOKALIÉMIANTS, AUTRES HYPOKALIÉMIANTS;DIGOXINE;SUBSTANCES SUSCEPTIBLES DE DONNER DES TORSADES DE POINTES
HYPONATRÉMIANTS,5; AUTRES MÉDICAMENTS HYPONATRÉMIANTS
IBRUTINIB,AMIODARONE;ANTIAGRÉGANTS PLAQUETTAIRES;ANTICOAGULANTS ORAUX;CRIZOTINIB;DILTIAZEM;DRONEDARONE;FLUCONAZOLE;IMATINIB;VERAPAMIL
IDÉLALISIB,ANTAGONISTES DES CANAUX CALCIQUES;INDUCTEURS ENZYMATIQUES PUISSANTS;INHIBITEURS PUISSANTS DU CYP3A4;6;MILLEPERTUIS;RIFAMPICINE;SUBSTRATS À RISQUE DU CYP3A4
IFOSFAMIDE,"APREPITANT;PHÉNOBARBITAL (ET, PAR EXTRAPOLATION, PRIMIDONE);VÉMURAFÉNIB"
IMAO IRRÉVERSIBLES,ADRÉNALINE (VOIE BUCCO-DENTAIRE OU SOUS-CUTANÉE);ALCOOL (BOISSON OU EXCIPIENT);DEXTROMETHORPHANE;GUANETHIDINE;INHIBITEURS DE LA CATÉCHOL-O-MÉTHYLTRANSFÉRASE (COMT);INHIBITEURS SÉLECTIFS DE LA RECAPTURE DE LA SÉROTONINE;MÉDICAMENTS MIXTES ADRÉNERGIQUES-SÉROTONINERGIQUES;7;MIDODRINE;MILLEPERTUIS;PETHIDINE;RESERPINE;SYMPATHOMIMÉTIQUES ALPHA (VOIES ORALE ET/OU NASALE);SYMPATHOMIMÉTIQUES ALPHA ET BÊTA (VOIE IM ET IV);SYMPATHOMIMÉTIQUES INDIRECTS;TETRABENAZINE;TIANEPTINE;TRAMADOL;TRIPTANS MÉTABOLISÉS PAR LA MAO;TRIPTANS NON MÉTABOLISÉS PAR LA MAO
"IMAO-A RÉVERSIBLES, Y COMPRIS OXAZOLIDINONES ET BLEU DE MÉTHYLÈNE",DEXTROMETHORPHANE;IMAO-B;8;INHIBITEURS SÉLECTIFS DE LA RECAPTURE DE LA SÉROTONINE;MÉDICAMENTS MIXTES ADRÉNERGIQUES-SÉROTONINERGIQUES;MILLEPERTUIS;PETHIDINE;SYMPATHOMIMÉTIQUES ALPHA ET BÊTA (VOIE IM ET IV);SYMPATHOMIMÉTIQUES INDIRECTS;TRAMADOL;TRIPTANS MÉTABOLISÉS PAR LA MAO;TRIPTANS NON MÉTABOLISÉS PAR LA MAO
IMAO-B,"BUPROPION;IMAO-A RÉVERSIBLES, Y COMPRIS OXAZOLIDINONES ET BLEU DE MÉTHYLÈNE;INHIBITEURS SÉLECTIFS DE LA RECAPTURE DE LA SÉROTONINE;LEVODOPA;9;PETHIDINE;TRAMADOL;TRIPTANS MÉTABOLISÉS PAR LA MAO;TRIPTANS NON MÉTABOLISÉS PAR LA MAO"
IMATINIB,ANTICOAGULANTS ORAUX;IBRUTINIB;TÉDIZOLIDE
IMMUNOSUPPRESSEURS,APALUTAMIDE;CLARITHROMYCINE;CYTOTOXIQUES;DALFOPRISTINE;DILTIAZEM;DRONEDARONE;ERYTHROMYCINE;0;FLUCONAZOLE;FLUCYTOSINE;GLOBULINES ANTILYMPHOCYTAIRES;INDUCTEURS ENZYMATIQUES;INHIBITEURS DE PROTÉASES BOOSTÉS PAR RITONAVIR;ITRACONAZOLE;KETOCONAZOLE;LÉTERMOVIR;MARIBAVIR;MILLEPERTUIS;NICARDIPINE;PAMPLEMOUSSE (JUS ET FRUIT);POSACONAZOLE;PRISTINAMYCINE;1;QUINUPRISTINE;RANOLAZINE;STIRIPENTOL;TELITHROMYCINE;VACCINS VIVANTS ATTÉNUÉS;VÉMURAFÉNIB;VORICONAZOLE
INDUCTEURS ENZYMATIQUES,"ANDROGÈNES;APRÉMILAST;ARIPIPRAZOLE;BAZÉDOXIFÈNE;2;BÉDAQUILINE;BICTÉGRAVIR;BORTEZOMIB;CABAZITAXEL;CABOTEGRAVIR;CASPOFUNGINE;CYCLOPHOSPHAMIDE;CYPROTERONE;DASABUVIR;DISOPYRAMIDE;DOCETAXEL;DOLUTÉGRAVIR;3;ESTROPROGESTATIFS CONTRACEPTIFS;ETOPOSIDE;FOSTEMSAVIR;GLASDÉGIB;GLUCOCORTICOÏDES (SAUF HYDROCORTISONE);GRAZOPREVIR + ELBASVIR;HYDROCORTISONE;IMMUNOSUPPRESSEURS;IRINOTECAN;ISAVUCONAZOLE;ITRACONAZOLE;IVACAFTOR (SEUL OU ASSOCIÉ);4;LEVONORGESTREL;LURASIDONE;MACITENTAN;MARAVIROC;MARIBAVIR;METHADONE;MIANSERINE;MIDOSTAURINE;NALOXEGOL;NÉTUPITANT;OLAPARIB;OMBITASVIR + PARITAPRÉVIR;OXYCODONE;PACLITAXEL;5;PROGESTATIFS CONTRACEPTIFS;PROGESTATIFS NON CONTRACEPTIFS, ASSOCIÉS OU NON À UN ESTROGÈNE;RÉGORAFÉNIB;RILPIVIRINE;ROLAPITANT;SERTRALINE;SOFOSBUVIR;TAMOXIFENE;TÉNOFOVIR ALAFÉNAMIDE;VÉMURAFÉNIB;VÉNÉTOCLAX;VINCA-ALCALOÏDES CYTOTOXIQUES;VISMODÉGIB"
INDUCTEURS ENZYMATIQUES PUISSANTS,"ABIRATERONE;6;AFATINIB;ALBENDAZOLE;ANTAGONISTES DES CANAUX CALCIQUES;ANTIARYTHMIQUES CLASSE IA;ANTIVITAMINES K;APIXABAN;APREPITANT;BOSENTAN;CANNABIDIOL;CLOZAPINE;COBICISTAT;DABIGATRAN;7;DAROLUTAMIDE;DEFERASIROX;DÉLAMANID;DOXYCYCLINE;DRONEDARONE;ESTROGÈNES NON CONTRACEPTIFS;FENTANYL;HALOPERIDOL;HORMONES THYROÏDIENNES;IDÉLALISIB;INHIBITEURS DE LA 5-ALPHA REDUCTASE;INHIBITEURS DE PROTÉASES BOOSTÉS PAR RITONAVIR;INHIBITEURS DE TYROSINE KINASES MÉTABOLISÉS;IVABRADINE;LÉDIPASVIR;8;LÉNACAPAVIR;METRONIDAZOLE;MIDAZOLAM;MINÉRALOCORTICOÏDES;MONTELUKAST;NIMODIPINE;OZANIMOD;PÉRAMPANEL;POSACONAZOLE;PRAZIQUANTEL;PROCARBAZINE;PROPAFENONE;QUETIAPINE;9;QUININE;RANOLAZINE;RIVAROXABAN;SACITUZUMAB;SOTORASIB;STIRIPENTOL;TELITHROMYCINE;THÉOPHYLLINE (ET, PAR EXTRAPOLATION, AMINOPHYLLINE);TIAGABINE;TICAGRELOR;ULIPRISTAL;VELPATASVIR;VITAMINE D;VORICONAZOLE;0;VOXELOTOR"
INHIBITEURS DE LA 5-ALPHA REDUCTASE,INDUCTEURS ENZYMATIQUES PUISSANTS;MILLEPERTUIS;RIFAMPICINE
INHIBITEURS DE LA CATÉCHOL-O-MÉTHYLTRANSFÉRASE (COMT),IMAO IRRÉVERSIBLES
INHIBITEURS DE LA PHOSPHODIESTERASE DE TYPE 5,ALPHABLOQUANTS À VISÉE UROLOGIQUE;ANTIHYPERTENSEURS ALPHA-BLOQUANTS;DÉRIVÉS NITRÉS ET APPARENTÉS;INHIBITEURS PUISSANTS DU CYP3A4;RIOCIGUAT;1
INHIBITEURS DE LA XANTHINE OXYDASE,"ANTIPURINES;THÉOPHYLLINE (ET, PAR EXTRAPOLATION, AMINOPHYLLINE)"
INHIBITEURS DE L'ENZYME DE CONVERSION,ACIDE ACETYLSALICYLIQUE;ANTAGONISTES DES RÉCEPTEURS DE L'ANGIOTENSINE II;ANTI-INFLAMMATOIRES NON STÉROÏDIENS;DIURÉTIQUES ÉPARGNEURS DE POTASSIUM (SEULS OU ASSOCIÉS);DIURÉTIQUES HYPOKALIÉMIANTS;EPLERENONE;ESTRAMUSTINE;GLIPTINES;INSULINE;LITHIUM;OR;POTASSIUM;SACUBITRIL;SIROLIMUS;2;SPIRONOLACTONE;SULFAMIDES HYPOGLYCÉMIANTS;TEMSIROLIMUS
INHIBITEURS DE L'HMG-COA RÉDUCTASE (STATINES),ACIDE FUSIDIQUE;ANTIVITAMINES K;COBIMÉTINIB;COLCHICINE;3;DAPTOMYCINE;ELTROMBOPAG;FIBRATES;GLIPTINES;GRAZOPREVIR + ELBASVIR;LÉDIPASVIR;LENALIDOMIDE;LÉTERMOVIR;ROXADUSTAT
INHIBITEURS DE PROTÉASES BOOSTÉS PAR RITONAVIR,"4;AFATINIB;ALBENDAZOLE;ANTIVITAMINES K;ATORVASTATINE;ATOVAQUONE;BUPRENORPHINE;CLARITHROMYCINE;CYPROTERONE;DIGOXINE;ESTROPROGESTATIFS CONTRACEPTIFS;HORMONES THYROÏDIENNES;IMMUNOSUPPRESSEURS;INDUCTEURS ENZYMATIQUES PUISSANTS;5;INHIBITEURS PUISSANTS DU CYP3A4;ITRACONAZOLE;LAMOTRIGINE;METHADONE;MILLEPERTUIS;NINTÉDANIB;PROGESTATIFS CONTRACEPTIFS;QUINIDINE;RIFABUTINE;RIFAMPICINE;ROSUVASTATINE;TALAZOPARIB;TÉNOFOVIR ALAFÉNAMIDE;6;THÉOPHYLLINE (ET, PAR EXTRAPOLATION, AMINOPHYLLINE);ULIPRISTAL;VENLAFAXINE;VORICONAZOLE"
INHIBITEURS DE TYROSINE KINASES MÉTABOLISÉS,ANTISÉCRÉTOIRES ANTIHISTAMINIQUES H2;ANTISÉCRÉTOIRES INHIBITEURS DE LA POMPE À PROTONS;INDUCTEURS ENZYMATIQUES PUISSANTS;INHIBITEURS PUISSANTS DU CYP3A4;MILLEPERTUIS;RIFAMPICINE
INHIBITEURS D'INTÉGRASE,CALCIUM;7;FER;MAGNÉSIUM;ZINC
INHIBITEURS DIRECTS DE LA THROMBINE À INDICATION SPÉCIFIQUE, AUTRES MÉDICAMENTS AGISSANT SUR L'HÉMOSTASE
INHIBITEURS PUISSANTS DU CYP3A4,"ALCALOÏDES DE L'ERGOT DE SEIGLE VASOCONSTRICTEURS;ALFENTANIL;ALFUZOSINE;ALPRAZOLAM;ANTAGONISTES DES CANAUX CALCIQUES;ANTISPASMODIQUES URINAIRES;8;APIXABAN;BÉDAQUILINE;BORTEZOMIB;BOSENTAN;BRENTUXIMAB;CABAZITAXEL;COBICISTAT;COLCHICINE;CORTICOÏDES MÉTABOLISÉS, NOTAMMENT INHALÉS;DAPOXÉTINE;DÉLAMANID;DISOPYRAMIDE;9;DOCETAXEL;DOMPERIDONE;DRONEDARONE;ÉLIGLUSTAT;EPLERENONE;ESZOPICLONE;FENTANYL;GLASDÉGIB;GRAZOPREVIR + ELBASVIR;HALOFANTRINE;IDÉLALISIB;INHIBITEURS DE LA PHOSPHODIESTERASE DE TYPE 5;INHIBITEURS DE PROTÉASES BOOSTÉS PAR RITONAVIR;0;INHIBITEURS DE TYROSINE KINASES MÉTABOLISÉS;IRINOTECAN;ISAVUCONAZOLE;IVABRADINE;IVACAFTOR (SEUL OU ASSOCIÉ);LOMITAPIDE;LUMEFANTRINE;LURASIDONE;MARAVIROC;MIDAZOLAM;MIDOSTAURINE;1;NALOXEGOL;OLAPARIB;OMBITASVIR + PARITAPRÉVIR;OXYCODONE;PANOBINOSTAT;PIMOZIDE;QUETIAPINE;QUININE;RANOLAZINE;RÉGORAFÉNIB;RIOCIGUAT;RIVAROXABAN;SILODOSINE;SIMVASTATINE;SUBSTRATS À RISQUE DU CYP3A4;2;SUFENTANIL;TAMSULOSINE;TELITHROMYCINE;TICAGRELOR;TOLVAPTAN;TRASTUZUMAB EMTANSINE;TRÉTINOÏNE;VÉNÉTOCLAX;VERAPAMIL;VINCA-ALCALOÏDES CYTOTOXIQUES;ZOLPIDEM;ZOPICLONE"
INHIBITEURS SÉLECTIFS DE LA RECAPTURE DE LA SÉROTONINE,"ANTIAGRÉGANTS PLAQUETTAIRES;ANTICOAGULANTS ORAUX;3;ANTIDÉPRESSEURS IMIPRAMINIQUES;ANTI-INFLAMMATOIRES NON STÉROÏDIENS;COBIMÉTINIB;CYPROHEPTADINE;IMAO IRRÉVERSIBLES;IMAO-A RÉVERSIBLES, Y COMPRIS OXAZOLIDINONES ET BLEU DE MÉTHYLÈNE;IMAO-B;LITHIUM;MILLEPERTUIS;ORLISTAT;TRAMADOL;TRIPTANS"
INSULINE,ALCOOL (BOISSON OU EXCIPIENT);ANALOGUES DE LA SOMATOSTATINE;4;BÊTA-2 MIMÉTIQUES;BÊTA-BLOQUANTS (SAUF ESMOLOL) (Y COMPRIS COLLYRES);BÊTA-BLOQUANTS DANS L'INSUFFISANCE CARDIAQUE;CHLORPROMAZINE;DANAZOL;INHIBITEURS DE L'ENZYME DE CONVERSION
INTERFERON ALFA,"FLUOROURACILE (ET, PAR EXTRAPOLATION, AUTRES FLUOROPYRIMIDINES)"
IPILIMUMAB,ANTICOAGULANTS ORAUX
IRINOTECAN,INDUCTEURS ENZYMATIQUES;INHIBITEURS PUISSANTS DU CYP3A4;MILLEPERTUIS
ISAVUCONAZOLE,INDUCTEURS ENZYMATIQUES;5;INHIBITEURS PUISSANTS DU CYP3A4;MILLEPERTUIS
ISONIAZIDE,"ANESTHÉSIQUES VOLATILS HALOGÉNÉS;CARBAMAZEPINE;DISULFIRAME;GLUCOCORTICOÏDES (SAUF HYDROCORTISONE);KETOCONAZOLE;PHÉNYTOÏNE (ET, PAR EXTRAPOLATION, FOSPHÉNYTOÏNE);PYRAZINAMIDE;RIFAMPICINE;STAVUDINE"
ISOPRENALINE,ANESTHÉSIQUES VOLATILS HALOGÉNÉS
ITRACONAZOLE,AFATINIB;6;ANTISÉCRÉTOIRES ANTIHISTAMINIQUES H2;ANTISÉCRÉTOIRES INHIBITEURS DE LA POMPE À PROTONS;APREPITANT;ATORVASTATINE;BUPRENORPHINE;BUSPIRONE;BUSULFAN;DABIGATRAN;DIGOXINE;ÉDOXABAN;ELVITÉGRAVIR;HYDROQUINIDINE;IMMUNOSUPPRESSEURS;INDUCTEURS ENZYMATIQUES;7;INHIBITEURS DE PROTÉASES BOOSTÉS PAR RITONAVIR;MILLEPERTUIS;NINTÉDANIB;QUINIDINE;SALMETEROL;TALAZOPARIB;TÉNOFOVIR ALAFÉNAMIDE;TRABECTÉDINE;VENLAFAXINE
IVABRADINE,AZITHROMYCINE;DILTIAZEM;INDUCTEURS ENZYMATIQUES PUISSANTS;INHIBITEURS PUISSANTS DU CYP3A4;JOSAMYCINE;8;MILLEPERTUIS;PAMPLEMOUSSE (JUS ET FRUIT);RIFAMPICINE;VERAPAMIL
IVACAFTOR (SEUL OU ASSOCIÉ),FLUCONAZOLE;INDUCTEURS ENZYMATIQUES;INHIBITEURS PUISSANTS DU CYP3A4;PAMPLEMOUSSE (JUS ET FRUIT)
JOSAMYCINE,"CARBAMAZEPINE;CICLOSPORINE;DISOPYRAMIDE;HALOFANTRINE;9;IVABRADINE;PIMOZIDE;SILDENAFIL;TACROLIMUS;THÉOPHYLLINE (ET, PAR EXTRAPOLATION, AMINOPHYLLINE)"
KETAMINE,TICLOPIDINE
KETOCONAZOLE,AFATINIB;ANTISÉCRÉTOIRES ANTIHISTAMINIQUES H2;ANTISÉCRÉTOIRES INHIBITEURS DE LA POMPE À PROTONS;ATORVASTATINE;BUPRENORPHINE;DABIGATRAN;ELVITÉGRAVIR;FIDAXOMICINE;IMMUNOSUPPRESSEURS;0;ISONIAZIDE;LERCANIDIPINE;NEVIRAPINE;NINTÉDANIB;RIFAMPICINE;SALMETEROL;TÉNOFOVIR ALAFÉNAMIDE;VENLAFAXINE
LAMIVUDINE,CLADRIBINE;SORBITOL
LAMOTRIGINE,"CARBAMAZEPINE;ESTROPROGESTATIFS CONTRACEPTIFS;INHIBITEURS DE PROTÉASES BOOSTÉS PAR RITONAVIR;1;OXCARBAZEPINE;VALPROÏQUE (ACIDE) ET, PAR EXTRAPOLATION, VALPROMIDE"
LANSOPRAZOLE,TACROLIMUS
LAPATINIB,TÉDIZOLIDE
LAXATIFS (TYPE MACROGOL), MÉDICAMENTS ADMINISTRÉS PAR VOIE ORALE
LÉDIPASVIR,ANTISÉCRÉTOIRES INHIBITEURS DE LA POMPE À PROTONS;INDUCTEURS ENZYMATIQUES PUISSANTS;INHIBITEURS DE L'HMG-COA RÉDUCTASE (STATINES);MILLEPERTUIS;RIFABUTINE;RIFAMPICINE;2;TENOFOVIR DISOPROXIL
LÉNACAPAVIR,ATAZANAVIR;EFAVIRENZ;INDUCTEURS ENZYMATIQUES PUISSANTS;MILLEPERTUIS;OXCARBAZEPINE;RIFAMPICINE
LENALIDOMIDE,INHIBITEURS DE L'HMG-COA RÉDUCTASE (STATINES)
LERCANIDIPINE,CICLOSPORINE;KETOCONAZOLE;PAMPLEMOUSSE (JUS ET FRUIT)
LÉTERMOVIR,ALCALOÏDES DE L'ERGOT DE SEIGLE VASOCONSTRICTEURS;IMMUNOSUPPRESSEURS;3;INHIBITEURS DE L'HMG-COA RÉDUCTASE (STATINES);PIMOZIDE;VORICONAZOLE
LEVOCARNITINE,ANTIVITAMINES K
LEVODOPA,BACLOFENE;FER;IMAO-B;METHYLDOPA;NEUROLEPTIQUES ANTIÉMÉTIQUES;NEUROLEPTIQUES ANTIPSYCHOTIQUES (SAUF CLOZAPINE);RESERPINE;SPIRAMYCINE;TETRABENAZINE;4
LEVOFLOXACINE,SUBSTANCES SUSCEPTIBLES DE DONNER DES TORSADES DE POINTES
LEVONORGESTREL,INDUCTEURS ENZYMATIQUES
LIDOCAINE,AMIODARONE;BÊTA-BLOQUANTS (SAUF ESMOLOL) (Y COMPRIS COLLYRES);BÊTA-BLOQUANTS DANS L'INSUFFISANCE CARDIAQUE;CIMETIDINE;FLUVOXAMINE
LINCOSANIDES,CURARES
LINEZOLIDE,CLARITHROMYCINE;RIFAMPICINE
LITHIUM,ACETAZOLAMIDE;5;ANTAGONISTES DES RÉCEPTEURS DE L'ANGIOTENSINE II;ANTI-INFLAMMATOIRES NON STÉROÏDIENS;CAFEINE;CALCITONINE;CARBAMAZEPINE;DIURÉTIQUES DE L'ANSE;DIURÉTIQUES ÉPARGNEURS DE POTASSIUM (SEULS OU ASSOCIÉS);DIURÉTIQUES THIAZIDIQUES ET APPARENTÉS;GLYCEROL;INHIBITEURS DE L'ENZYME DE CONVERSION;INHIBITEURS SÉLECTIFS DE LA RECAPTURE DE LA SÉROTONINE;MANNITOL;METHYLDOPA;METRONIDAZOLE;6;NEUROLEPTIQUES;ORLISTAT;SODIUM (BICARBONATE DE);SODIUM (CHLORURE DE);THEOPHYLLINE;TOPIRAMATE
LOMITAPIDE,DILTIAZEM;INHIBITEURS PUISSANTS DU CYP3A4;MILLEPERTUIS
LOMUSTINE,CIMETIDINE
LOSARTAN,FLUCONAZOLE
LUMEFANTRINE,7;INHIBITEURS PUISSANTS DU CYP3A4
LURASIDONE,INDUCTEURS ENZYMATIQUES;INHIBITEURS PUISSANTS DU CYP3A4;MILLEPERTUIS;PAMPLEMOUSSE (JUS ET FRUIT)
MACITENTAN,INDUCTEURS ENZYMATIQUES;MILLEPERTUIS
MACROLIDES (SAUF SPIRAMYCINE),ALCALOÏDES DE L'ERGOT DE SEIGLE DOPAMINERGIQUES;ANTIVITAMINES K;COLCHICINE;DIGOXINE;DIHYDROERGOTAMINE;ERGOTAMINE
MAGNÉSIUM,INHIBITEURS D'INTÉGRASE;8;ROXADUSTAT
MANNITOL,LITHIUM
MARAVIROC,FOSAMPRENAVIR;INDUCTEURS ENZYMATIQUES;INHIBITEURS PUISSANTS DU CYP3A4;MILLEPERTUIS
MARIBAVIR,GANCICLOVIR;IMMUNOSUPPRESSEURS;INDUCTEURS ENZYMATIQUES;VALGANCICLOVIR
MÉDICAMENTS À L'ORIGINE D'ATTEINTES MUSCULAIRES, AUTRES MÉDICAMENTS À L'ORIGINE D'ATTEINTES MUSCULAIRES
MÉDICAMENTS À L'ORIGINE D'UN HYPOGONADISME MASCULIN,SUBSTANCES SUSCEPTIBLES DE DONNER DES TORSADES DE POINTES;9
MÉDICAMENTS À L'ORIGINE D'UN SYNDROME SÉROTONINERGIQUE, AUTRES MÉDICAMENTS À L'ORIGINE D'UN SYNDROME SÉROTONINERGIQUE
MÉDICAMENTS À L'ORIGINE D'UNE HYPOTENSION ORTHOSTATIQUE,DAPOXÉTINE;MÉDICAMENTS ABAISSANT LA PRESSION ARTÉRIELLE
MÉDICAMENTS À RISQUE LORS DU SEVRAGE TABAGIQUE,TRAITEMENTS DE SUBSTITUTION NICOTINIQUE
MÉDICAMENTS ABAISSANT LA PRESSION ARTÉRIELLE,0;MÉDICAMENTS À L'ORIGINE D'UNE HYPOTENSION ORTHOSTATIQUE
MÉDICAMENTS ABAISSANT LE SEUIL ÉPILEPTOGÈNE, AUTRES MÉDICAMENTS ABAISSANT LE SEUIL ÉPILEPTOGÈNE
MÉDICAMENTS ATROPINIQUES, AUTRES MÉDICAMENTS ATROPINIQUES;ANTICHOLINESTÉRASIQUES;MORPHINIQUES
MÉDICAMENTS MÉTHÉMOGLOBINISANTS, AUTRES MÉDICAMENTS MÉTHÉMOGLOBINISANTS
MÉDICAMENTS MIXTES ADRÉNERGIQUES-SÉROTONINERGIQUES,"ADRÉNALINE (VOIE BUCCO-DENTAIRE OU SOUS-CUTANÉE);ANTIAGRÉGANTS PLAQUETTAIRES;ANTICOAGULANTS ORAUX;1;ANTI-INFLAMMATOIRES NON STÉROÏDIENS;COBIMÉTINIB;IMAO IRRÉVERSIBLES;IMAO-A RÉVERSIBLES, Y COMPRIS OXAZOLIDINONES ET BLEU DE MÉTHYLÈNE;ORLISTAT;SYMPATHOMIMÉTIQUES ALPHA ET BÊTA (VOIE IM ET IV)"
MÉDICAMENTS NÉPHROTOXIQUES, AUTRES MÉDICAMENTS NÉPHROTOXIQUES
MÉDICAMENTS OTOTOXIQUES, AUTRES MÉDICAMENTS OTOTOXIQUES
MÉDICAMENTS SÉDATIFS,2; AUTRES MÉDICAMENTS SÉDATIFS;ALCOOL (BOISSON OU EXCIPIENT)
"MÉDICAMENTS, BRADYKININE ET ANGIO-ŒDÈME", AUTRES MEDICAMENTS À RISQUE D'ANGIO-ŒDÈME
MEFLOQUINE,QUININE
MEQUITAZINE,BUPROPION;CINACALCET;DULOXETINE;FLUOXETINE;PAROXETINE;TERBINAFINE;3
METFORMINE,ALCOOL (BOISSON OU EXCIPIENT);DIURÉTIQUES DE L'ANSE;DOLUTÉGRAVIR;PRODUITS DE CONTRASTE IODÉS
METHADONE,ANTITUSSIFS MORPHINE-LIKE;ANTITUSSIFS MORPHINIQUES VRAIS;APALUTAMIDE;CIMETIDINE;FLUVOXAMINE;INDUCTEURS ENZYMATIQUES;4;INHIBITEURS DE PROTÉASES BOOSTÉS PAR RITONAVIR;MILLEPERTUIS;MORPHINIQUES AGONISTES-ANTAGONISTES;QUETIAPINE;SUBSTANCES SUSCEPTIBLES DE DONNER DES TORSADES DE POINTES;VORICONAZOLE
METHENAMINE,SULFAMETHIZOL
METHOTREXATE,ACIDE ACETYLSALICYLIQUE;ACITRETINE;ANTI-INFLAMMATOIRES NON STÉROÏDIENS;5;ANTISÉCRÉTOIRES INHIBITEURS DE LA POMPE À PROTONS;CICLOSPORINE;CIPROFLOXACINE;PÉNICILLINES;PONATINIB;PROBENECIDE;SULFAMIDES ANTIBACTÉRIENS;TÉDIZOLIDE;TRIMETHOPRIME
METHYLDOPA,FER;LEVODOPA;LITHIUM;6
MÉTHYLERGOMÉTRINE,SULPROSTONE
METHYLPREDNISOLONE,ANTIVITAMINES K;CICLOSPORINE
METOPROLOL,"ABIRATERONE;BUPROPION;CIMETIDINE;CINACALCET;DARIFENACINE;DULOXETINE;FLUOXETINE;MIRABÉGRON;PAROXETINE;7;PHÉNOBARBITAL (ET, PAR EXTRAPOLATION, PRIMIDONE);RIFAMPICINE;ROLAPITANT;TERBINAFINE"
METRONIDAZOLE,"BUSULFAN;DISULFIRAME;FLUOROURACILE (ET, PAR EXTRAPOLATION, AUTRES FLUOROPYRIMIDINES);INDUCTEURS ENZYMATIQUES PUISSANTS;LITHIUM;RIFAMPICINE"
METYRAPONE,"PHÉNYTOÏNE (ET, PAR EXTRAPOLATION, FOSPHÉNYTOÏNE)"
MEXILETINE,"BÊTA-BLOQUANTS DANS L'INSUFFISANCE CARDIAQUE;CAFEINE;8;FLUVOXAMINE;PHÉNYTOÏNE (ET, PAR EXTRAPOLATION, FOSPHÉNYTOÏNE);THÉOPHYLLINE (ET, PAR EXTRAPOLATION, AMINOPHYLLINE)"
MIANSERINE,INDUCTEURS ENZYMATIQUES
MICONAZOLE,"ANTIVITAMINES K;PHÉNYTOÏNE (ET, PAR EXTRAPOLATION, FOSPHÉNYTOÏNE);SULFAMIDES HYPOGLYCÉMIANTS"
MIDAZOLAM,DILTIAZEM;FLUCONAZOLE;INDUCTEURS ENZYMATIQUES PUISSANTS;INHIBITEURS PUISSANTS DU CYP3A4;MILLEPERTUIS;9;OMBITASVIR + PARITAPRÉVIR;RIFAMPICINE;ROXITHROMYCINE;STIRIPENTOL;VERAPAMIL
MIDECAMYCINE,CICLOSPORINE
MIDODRINE,DIGOXINE;IMAO IRRÉVERSIBLES
MIDOSTAURINE,INDUCTEURS ENZYMATIQUES;INHIBITEURS PUISSANTS DU CYP3A4;MILLEPERTUIS
MIFAMURTIDE,ANTI-INFLAMMATOIRES NON STÉROÏDIENS;CICLOSPORINE;0;CORTICOÏDES;TACROLIMUS
MILLEPERTUIS,"ANTICONVULSIVANTS MÉTABOLISÉS;ANTISÉCRÉTOIRES INHIBITEURS DE LA POMPE À PROTONS;ANTIVITAMINES K;BÉDAQUILINE;BICTÉGRAVIR;BUSPIRONE;CANNABIDIOL;CARBAMAZEPINE;CLOZAPINE;COBICISTAT;CYCLOPHOSPHAMIDE;CYPROTERONE;1;DASABUVIR;DIGOXINE;DOCETAXEL;DOLUTÉGRAVIR;DRONEDARONE;EFAVIRENZ;ESTROPROGESTATIFS CONTRACEPTIFS;ETOPOSIDE;FEXOFENADINE;FOSTEMSAVIR;GILTÉRITINIB;GLÉCAPRÉVIR + PIBRENTASVIR;HORMONES THYROÏDIENNES;IDÉLALISIB;2;IMAO IRRÉVERSIBLES;IMAO-A RÉVERSIBLES, Y COMPRIS OXAZOLIDINONES ET BLEU DE MÉTHYLÈNE;IMMUNOSUPPRESSEURS;INHIBITEURS DE LA 5-ALPHA REDUCTASE;INHIBITEURS DE PROTÉASES BOOSTÉS PAR RITONAVIR;INHIBITEURS DE TYROSINE KINASES MÉTABOLISÉS;INHIBITEURS SÉLECTIFS DE LA RECAPTURE DE LA SÉROTONINE;IRINOTECAN;ISAVUCONAZOLE;ITRACONAZOLE;IVABRADINE;LÉDIPASVIR;LÉNACAPAVIR;3;LOMITAPIDE;LURASIDONE;MACITENTAN;MARAVIROC;METHADONE;MIDAZOLAM;MIDOSTAURINE;NEVIRAPINE;NINTÉDANIB;OLAPARIB;OXYCODONE;PACLITAXEL;PROGESTATIFS CONTRACEPTIFS;PROPAFENONE;QUETIAPINE;4;RÉGORAFÉNIB;RILPIVIRINE;ROLAPITANT;SIMVASTATINE;SOFOSBUVIR;TAMOXIFENE;TELITHROMYCINE;THÉOPHYLLINE (ET, PAR EXTRAPOLATION, AMINOPHYLLINE);TICAGRELOR;ULIPRISTAL;VELPATASVIR;VÉNÉTOCLAX;VERAPAMIL;VINCA-ALCALOÏDES CYTOTOXIQUES;5;VISMODÉGIB;VORICONAZOLE"
MINÉRALOCORTICOÏDES,INDUCTEURS ENZYMATIQUES PUISSANTS;RIFAMPICINE
MIRABÉGRON,METOPROLOL;PROPAFENONE
MITOMYCINE C,VINCA-ALCALOÏDES CYTOTOXIQUES
MITOTANE,DASABUVIR;FOSTEMSAVIR;SPIRONOLACTONE
MOCLOBEMIDE,CIMETIDINE
MODAFINIL,CICLOSPORINE;6;ESTROPROGESTATIFS CONTRACEPTIFS
MONTELUKAST,INDUCTEURS ENZYMATIQUES PUISSANTS;RIFAMPICINE
MORPHINE,RIFAMPICINE
MORPHINIQUES,BARBITURIQUES;BENZODIAZÉPINES ET APPARENTÉS;MÉDICAMENTS ATROPINIQUES;OXYBATE DE SODIUM
MORPHINIQUES AGONISTES-ANTAGONISTES,ANALGÉSIQUES MORPHINIQUES DE PALIER II;ANALGÉSIQUES MORPHINIQUES DE PALIER III;ANTITUSSIFS MORPHINIQUES VRAIS;METHADONE;7;MORPHINIQUES ANTAGONISTES PARTIELS
MORPHINIQUES ANTAGONISTES PARTIELS,ANALGÉSIQUES MORPHINIQUES DE PALIER II;ANALGÉSIQUES MORPHINIQUES DE PALIER III;MORPHINIQUES AGONISTES-ANTAGONISTES;MORPHINIQUES EN TRAITEMENT DE SUBSTITUTION
MORPHINIQUES EN TRAITEMENT DE SUBSTITUTION,MORPHINIQUES ANTAGONISTES PARTIELS
MYCOPHENOLATE MOFETIL,ANTISÉCRÉTOIRES INHIBITEURS DE LA POMPE À PROTONS;FLUOROQUINOLONES;PÉNICILLINES A;VACCINS VIVANTS ATTÉNUÉS
MYCOPHENOLATE SODIQUE,VACCINS VIVANTS ATTÉNUÉS
NALOXEGOL,DILTIAZEM;INDUCTEURS ENZYMATIQUES;8;INHIBITEURS PUISSANTS DU CYP3A4;PAMPLEMOUSSE (JUS ET FRUIT);VERAPAMIL
NEBIVOLOL,FLUOXETINE;PAROXETINE
NÉTUPITANT,INDUCTEURS ENZYMATIQUES
NEUROLEPTIQUES,BÊTA-BLOQUANTS DANS L'INSUFFISANCE CARDIAQUE;LITHIUM;ORLISTAT
NEUROLEPTIQUES ANTIÉMÉTIQUES,DOPAMINERGIQUES;LEVODOPA
NEUROLEPTIQUES ANTIPSYCHOTIQUES (SAUF CLOZAPINE),"9;ANTIPARKINSONIENS DOPAMINERGIQUES;ARIPIPRAZOLE;DOPAMINERGIQUES, HORS PARKINSON;LEVODOPA"
NEUROLEPTIQUES SUSCEPTIBLES DE DONNER DES TORSADES DE POINTES,SUBSTANCES SUSCEPTIBLES DE DONNER DES TORSADES DE POINTES
NEVIRAPINE,ANTIVITAMINES K;ATAZANAVIR;FLUCONAZOLE;FOSAMPRENAVIR;KETOCONAZOLE;MILLEPERTUIS;RIFAMPICINE;0;VORICONAZOLE
NICARDIPINE,IMMUNOSUPPRESSEURS
NICORANDIL,ACIDE ACETYLSALICYLIQUE;ANTI-INFLAMMATOIRES NON STÉROÏDIENS
NIFEDIPINE,CICLOSPORINE;CIMETIDINE;DILTIAZEM
NIMODIPINE,"INDUCTEURS ENZYMATIQUES PUISSANTS;RIFAMPICINE;VALPROÏQUE (ACIDE) ET, PAR EXTRAPOLATION, VALPROMIDE"
NINTÉDANIB,"AMIODARONE;CARBAMAZEPINE;1;CICLOSPORINE;ERYTHROMYCINE;INHIBITEURS DE PROTÉASES BOOSTÉS PAR RITONAVIR;ITRACONAZOLE;KETOCONAZOLE;MILLEPERTUIS;PHÉNYTOÏNE (ET, PAR EXTRAPOLATION, FOSPHÉNYTOÏNE);RIFAMPICINE;VERAPAMIL"
NORFLOXACINE,"CAFEINE;CALCIUM;SUBSTANCES SUSCEPTIBLES DE DONNER DES TORSADES DE POINTES;THÉOPHYLLINE (ET, PAR EXTRAPOLATION, AMINOPHYLLINE)"
NORTRIPTYLINE,BUPROPION;2
NOSCAPINE,ANTIVITAMINES K
OLANZAPINE,CARBAMAZEPINE;FLUVOXAMINE
OLAPARIB,AMIODARONE;APALUTAMIDE;CYTOTOXIQUES;DILTIAZEM;FLUCONAZOLE;INDUCTEURS ENZYMATIQUES;INHIBITEURS PUISSANTS DU CYP3A4;MILLEPERTUIS;PAMPLEMOUSSE (JUS ET FRUIT);VERAPAMIL;3
OMBITASVIR + PARITAPRÉVIR,ACIDE FUSIDIQUE;ALCALOÏDES DE L'ERGOT DE SEIGLE VASOCONSTRICTEURS;ALFUZOSINE;AMIODARONE;ATORVASTATINE;COLCHICINE;DISOPYRAMIDE;ETHINYLESTRADIOL;EVEROLIMUS;INDUCTEURS ENZYMATIQUES;INHIBITEURS PUISSANTS DU CYP3A4;MIDAZOLAM;4;PIMOZIDE;QUETIAPINE;QUINIDINE;SALMETEROL;SILDENAFIL;SIMVASTATINE;SIROLIMUS;TACROLIMUS;TICAGRELOR
OMEPRAZOLE,ANAGRELIDE;APALUTAMIDE;DIGOXINE;ESCITALOPRAM;TACROLIMUS
ONDANSETRON,5;SUBSTANCES SUSCEPTIBLES DE DONNER DES TORSADES DE POINTES;TRAMADOL
OR,INHIBITEURS DE L'ENZYME DE CONVERSION
ORGANOPLATINES,AMINOSIDES;DIURÉTIQUES DE L'ANSE
ORLISTAT,AMIODARONE;ANTIDÉPRESSEURS IMIPRAMINIQUES;ANTIVITAMINES K;CICLOSPORINE;HORMONES THYROÏDIENNES;INHIBITEURS SÉLECTIFS DE LA RECAPTURE DE LA SÉROTONINE;LITHIUM;MÉDICAMENTS MIXTES ADRÉNERGIQUES-SÉROTONINERGIQUES;NEUROLEPTIQUES;6;VITAMINE D
ORNIDAZOLE,"FLUOROURACILE (ET, PAR EXTRAPOLATION, AUTRES FLUOROPYRIMIDINES)"
OXCARBAZEPINE,ESTROGÈNES NON CONTRACEPTIFS;LAMOTRIGINE;LÉNACAPAVIR;PÉRAMPANEL;TOPIRAMATE;VELPATASVIR
OXPRENOLOL,ERGOTAMINE
OXYBATE DE SODIUM,BARBITURIQUES;MORPHINIQUES
OXYCODONE,7;FLUCONAZOLE;INDUCTEURS ENZYMATIQUES;INHIBITEURS PUISSANTS DU CYP3A4;MILLEPERTUIS
OZANIMOD,BRADYCARDISANTS;CICLOSPORINE;CLOPIDOGREL;ELTROMBOPAG;GEMFIBROZIL;INDUCTEURS ENZYMATIQUES PUISSANTS;RIFAMPICINE
P A S SODIQUE,TENOFOVIR ALAFÉNAMIDE;TENOFOVIR DISOPROXIL
PACLITAXEL,AMIODARONE;8;CLOPIDOGREL;DEFERASIROX;GEMFIBROZIL;INDUCTEURS ENZYMATIQUES;MILLEPERTUIS;TRIMETHOPRIME
PAMPLEMOUSSE (JUS ET FRUIT),ATORVASTATINE;AVANAFIL;BUSPIRONE;CARBAMAZEPINE;DRONEDARONE;HALOFANTRINE;IMMUNOSUPPRESSEURS;9;IVABRADINE;IVACAFTOR (SEUL OU ASSOCIÉ);LERCANIDIPINE;LURASIDONE;NALOXEGOL;OLAPARIB;RÉGORAFÉNIB;SERTRALINE;SIMVASTATINE;TICAGRELOR;TOLVAPTAN;VARDENAFIL;VÉNÉTOCLAX;VERAPAMIL
PANOBINOSTAT,INHIBITEURS PUISSANTS DU CYP3A4;0
PARACETAMOL,ANTIVITAMINES K;FLUCLOXACILLINE
PAROXETINE,CARBAMAZEPINE;CODEINE;MEQUITAZINE;METOPROLOL;NEBIVOLOL;PIMOZIDE;RISPERIDONE;TAMOXIFENE;TETRABENAZINE;TRAMADOL
PEFLOXACINE,"1;THÉOPHYLLINE (ET, PAR EXTRAPOLATION, AMINOPHYLLINE)"
PEG-INTERFERON ALFA-2A,TELBIVUDINE
PEMETREXED,ACIDE ACETYLSALICYLIQUE;ANTI-INFLAMMATOIRES NON STÉROÏDIENS
PÉNEMS,"VALPROÏQUE (ACIDE) ET, PAR EXTRAPOLATION, VALPROMIDE"
PENICILLAMINE,FER
PÉNICILLINES,METHOTREXATE
PÉNICILLINES A,ALLOPURINOL;MYCOPHENOLATE MOFETIL
PENTAMIDINE,2;DIDANOSINE;FOSCARNET;STAVUDINE
PENTOSTATINE,CYCLOPHOSPHAMIDE;FLUDARABINE
PENTOXIFYLLINE,"ANTIVITAMINES K;COBIMÉTINIB;THÉOPHYLLINE (ET, PAR EXTRAPOLATION, AMINOPHYLLINE)"
PÉRAMPANEL,CYPROTERONE;INDUCTEURS ENZYMATIQUES PUISSANTS;OXCARBAZEPINE;PROGESTATIFS CONTRACEPTIFS;3;RIFAMPICINE
PETHIDINE,"IMAO IRRÉVERSIBLES;IMAO-A RÉVERSIBLES, Y COMPRIS OXAZOLIDINONES ET BLEU DE MÉTHYLÈNE;IMAO-B"
"PHÉNOBARBITAL (ET, PAR EXTRAPOLATION, PRIMIDONE)","ACIDE CHOLIQUE;CARBAMAZEPINE;FELBAMATE;FOLATES;IFOSFAMIDE;METOPROLOL;PHÉNYTOÏNE (ET, PAR EXTRAPOLATION, FOSPHÉNYTOÏNE);PROPRANOLOL;VALPROÏQUE (ACIDE) ET, PAR EXTRAPOLATION, VALPROMIDE;4"
"PHÉNYTOÏNE (ET, PAR EXTRAPOLATION, FOSPHÉNYTOÏNE)","AMIODARONE;CARBAMAZEPINE;CIMETIDINE;CIPROFLOXACINE;CLOPIDOGREL;CYTOTOXIQUES;DIAZEPAM;DISULFIRAME;FELBAMATE;FLUCONAZOLE;FLUOXETINE;FLUVOXAMINE;FOLATES;FUROSEMIDE;ISONIAZIDE;METYRAPONE;MEXILETINE;MICONAZOLE;NINTÉDANIB;5;PHÉNOBARBITAL (ET, PAR EXTRAPOLATION, PRIMIDONE);SUCRALFATE;SULFAFURAZOL;SULFAMETHIZOL;SULFAMETHOXAZOLE;TICLOPIDINE;6;VALPROÏQUE (ACIDE) ET, PAR EXTRAPOLATION, VALPROMIDE"
PILOCARPINE,ANTICHOLINESTÉRASIQUES
PIMOZIDE,APALUTAMIDE;APREPITANT;DALFOPRISTINE;DILTIAZEM;EFAVIRENZ;FLUCONAZOLE;FLUOXETINE;INHIBITEURS PUISSANTS DU CYP3A4;JOSAMYCINE;LÉTERMOVIR;OMBITASVIR + PARITAPRÉVIR;7;PAROXETINE;QUINUPRISTINE;SERTRALINE;STIRIPENTOL;TRICLABENDAZOLE;VERAPAMIL
PIPÉRACILLINE/TAZOBACTAM,VANCOMYCINE
PIRFENIDONE,FLUVOXAMINE
PITAVASTATINE,CICLOSPORINE
POLYMYXINE B,AMINOSIDES;CURARES
POLYSTYRÈNE SULFONATE DE CALCIUM,"SORBITOL;8;TOPIQUES GASTRO-INTESTINAUX, ANTIACIDES ET ADSORBANTS"
POLYSTYRÈNE SULFONATE DE SODIUM,"SORBITOL;TOPIQUES GASTRO-INTESTINAUX, ANTIACIDES ET ADSORBANTS"
PONATINIB,ATORVASTATINE;COLCHICINE;DABIGATRAN;DIGOXINE;METHOTREXATE;PRAVASTATINE;ROSUVASTATINE;SIMVASTATINE;SULFASALAZINE
PONÉSIMOD,BRADYCARDISANTS;9
POSACONAZOLE,ANTISÉCRÉTOIRES ANTIHISTAMINIQUES H2;ANTISÉCRÉTOIRES INHIBITEURS DE LA POMPE À PROTONS;ATAZANAVIR;ATORVASTATINE;DIGOXINE;IMMUNOSUPPRESSEURS;INDUCTEURS ENZYMATIQUES PUISSANTS;RIFABUTINE;RIFAMPICINE
POTASSIUM,ANTAGONISTES DES RÉCEPTEURS DE L'ANGIOTENSINE II;CICLOSPORINE;DIURÉTIQUES ÉPARGNEURS DE POTASSIUM (SEULS OU ASSOCIÉS);INHIBITEURS DE L'ENZYME DE CONVERSION;0;TACROLIMUS
POVIDONE IODÉE,ANTISEPTIQUES MERCURIELS
PRAVASTATINE,CICLOSPORINE;CLARITHROMYCINE;ERYTHROMYCINE;PONATINIB
PRAZIQUANTEL,DEXAMETHASONE;INDUCTEURS ENZYMATIQUES PUISSANTS;RIFAMPICINE
PREDNISOLONE,CICLOSPORINE
PRÉSERVATIFS EN LATEX,HUILES MINÉRALES
PRIMIDONE,1;AFATINIB
PRISTINAMYCINE,ANTIVITAMINES K;COLCHICINE;IMMUNOSUPPRESSEURS
PROBENECIDE,ACIDE ACETYLSALICYLIQUE;DIPROPHYLLINE;METHOTREXATE
PROCARBAZINE,INDUCTEURS ENZYMATIQUES PUISSANTS
PRODUITS DE CONTRASTE IODÉS,ALDESLEUKINE;DIURÉTIQUES;METFORMINE
PROGESTATIFS CONTRACEPTIFS,2;APREPITANT;BOSENTAN;GRISEOFULVINE;INDUCTEURS ENZYMATIQUES;INHIBITEURS DE PROTÉASES BOOSTÉS PAR RITONAVIR;MILLEPERTUIS;PÉRAMPANEL;ULIPRISTAL
"PROGESTATIFS NON CONTRACEPTIFS, ASSOCIÉS OU NON À UN ESTROGÈNE",BOSENTAN;INDUCTEURS ENZYMATIQUES;ULIPRISTAL
PROGUANIL,3;ANTIVITAMINES K;HORMONES THYROÏDIENNES
PROPAFENONE,ABIRATERONE;BÊTA-BLOQUANTS (SAUF ESMOLOL) (Y COMPRIS COLLYRES);BUPROPION;CINACALCET;DARIFENACINE;DIGOXINE;DULOXETINE;ESMOLOL;INDUCTEURS ENZYMATIQUES PUISSANTS;MILLEPERTUIS;MIRABÉGRON;4;RIFAMPICINE;ROLAPITANT;TERBINAFINE;THEOPHYLLINE
PROPRANOLOL,"ERGOTAMINE;FLUVOXAMINE;PHÉNOBARBITAL (ET, PAR EXTRAPOLATION, PRIMIDONE);RIFAMPICINE"
PYRAZINAMIDE,ISONIAZIDE
PYRIMETHAMINE,TRIMETHOPRIME
QUETIAPINE,INDUCTEURS ENZYMATIQUES PUISSANTS;INHIBITEURS PUISSANTS DU CYP3A4;METHADONE;5;MILLEPERTUIS;OMBITASVIR + PARITAPRÉVIR;RIFAMPICINE
QUINIDINE,ALCALINISANTS URINAIRES;COBICISTAT;CODEINE;DABIGATRAN;DIGOXINE;DRONEDARONE;INHIBITEURS DE PROTÉASES BOOSTÉS PAR RITONAVIR;ITRACONAZOLE;OMBITASVIR + PARITAPRÉVIR;STIRIPENTOL;6;TALAZOPARIB;TAMOXIFENE;TETRABENAZINE;TRAMADOL;TRICLABENDAZOLE;VERAPAMIL;VORICONAZOLE
QUININE,DIGOXINE;INDUCTEURS ENZYMATIQUES PUISSANTS;INHIBITEURS PUISSANTS DU CYP3A4;MEFLOQUINE;RIFAMPICINE
QUINUPRISTINE,DIHYDROERGOTAMINE;ERGOTAMINE;7;IMMUNOSUPPRESSEURS;PIMOZIDE
RALTÉGRAVIR,RIFAMPICINE
RANOLAZINE,ATORVASTATINE;DIGOXINE;IMMUNOSUPPRESSEURS;INDUCTEURS ENZYMATIQUES PUISSANTS;INHIBITEURS PUISSANTS DU CYP3A4;RIFAMPICINE;SIMVASTATINE
RÉGORAFÉNIB,INDUCTEURS ENZYMATIQUES;INHIBITEURS PUISSANTS DU CYP3A4;MILLEPERTUIS;8;PAMPLEMOUSSE (JUS ET FRUIT)
REPAGLINIDE,ANALOGUES DE LA SOMATOSTATINE;CICLOSPORINE;CLARITHROMYCINE;CLOPIDOGREL;DEFERASIROX;GEMFIBROZIL;SELPERCATINIB;TRIMETHOPRIME
RESERPINE,IMAO IRRÉVERSIBLES;LEVODOPA
RÉSINES CHÉLATRICES, MÉDICAMENTS ADMINISTRÉS PAR VOIE ORALE;HORMONES THYROÏDIENNES;9;ROXADUSTAT
RÉTINOÏDES, AUTRES RÉTINOÏDES;CYCLINES;VITAMINE A
RIBAVIRINE,ANTIPURINES;DIDANOSINE;STAVUDINE;ZIDOVUDINE
RIFABUTINE,ATOVAQUONE;CLARITHROMYCINE;COBICISTAT;EFAVIRENZ;ELVITÉGRAVIR;0;FLUCONAZOLE;HORMONES THYROÏDIENNES;INHIBITEURS DE PROTÉASES BOOSTÉS PAR RITONAVIR;LÉDIPASVIR;POSACONAZOLE;VELPATASVIR;VORICONAZOLE
RIFAMPICINE,"ABIRATERONE;AFATINIB;ALBENDAZOLE;ANTAGONISTES DES CANAUX CALCIQUES;ANTIARYTHMIQUES CLASSE IA;ANTIVITAMINES K;1;APIXABAN;APREPITANT;ATORVASTATINE;ATOVAQUONE;BICTÉGRAVIR;BOSENTAN;BUSPIRONE;CANNABIDIOL;CARBAMAZEPINE;CARVEDILOL;CLARITHROMYCINE;CLOZAPINE;COBICISTAT;DABIGATRAN;2;DAROLUTAMIDE;DEFERASIROX;DÉLAMANID;DIGOXINE;DOXYCYCLINE;DRONEDARONE;EFAVIRENZ;ESZOPICLONE;EXEMESTANE;FENTANYL;FLUCONAZOLE;HALOPERIDOL;HORMONES THYROÏDIENNES;IDÉLALISIB;INHIBITEURS DE LA 5-ALPHA REDUCTASE;3;INHIBITEURS DE PROTÉASES BOOSTÉS PAR RITONAVIR;INHIBITEURS DE TYROSINE KINASES MÉTABOLISÉS;ISONIAZIDE;IVABRADINE;KETOCONAZOLE;LÉDIPASVIR;LÉNACAPAVIR;LINEZOLIDE;METOPROLOL;METRONIDAZOLE;MIDAZOLAM;MINÉRALOCORTICOÏDES;MONTELUKAST;4;MORPHINE;NEVIRAPINE;NIMODIPINE;NINTÉDANIB;OZANIMOD;PÉRAMPANEL;POSACONAZOLE;PRAZIQUANTEL;PROPAFENONE;PROPRANOLOL;QUETIAPINE;QUININE;RALTÉGRAVIR;RANOLAZINE;RIVAROXABAN;SACITUZUMAB;5;SIMVASTATINE;SOTORASIB;TELITHROMYCINE;TÉNOFOVIR ALAFÉNAMIDE;TERBINAFINE;THÉOPHYLLINE (ET, PAR EXTRAPOLATION, AMINOPHYLLINE);TIAGABINE;TICAGRELOR;ULIPRISTAL;VALPROÏQUE (ACIDE) ET, PAR EXTRAPOLATION, VALPROMIDE;VELPATASVIR;VITAMINE D;VORICONAZOLE;VOXELOTOR;6;ZIDOVUDINE;ZOLPIDEM;ZOPICLONE"
RILPIVIRINE,ANTISÉCRÉTOIRES ANTIHISTAMINIQUES H2;ANTISÉCRÉTOIRES INHIBITEURS DE LA POMPE À PROTONS;DEXAMETHASONE;INDUCTEURS ENZYMATIQUES;MILLEPERTUIS
RIOCIGUAT,DÉRIVÉS NITRÉS ET APPARENTÉS;INHIBITEURS DE LA PHOSPHODIESTERASE DE TYPE 5;INHIBITEURS PUISSANTS DU CYP3A4
RISPERIDONE,CARBAMAZEPINE;FLUOXETINE;7;PAROXETINE
RITONAVIR,CORTICOÏDES (VOIE INTRA-ARTICULAIRE);GLUCOCORTICOÏDES PAR VOIE INTRA-ARTICULAIRE ET MÉTABOLISÉS
RIVAROXABAN,FLUCONAZOLE;INDUCTEURS ENZYMATIQUES PUISSANTS;INHIBITEURS PUISSANTS DU CYP3A4;RIFAMPICINE
ROLAPITANT,COLCHICINE;DABIGATRAN;DIGOXINE;INDUCTEURS ENZYMATIQUES;METOPROLOL;MILLEPERTUIS;8;PROPAFENONE;ROSUVASTATINE;TAMOXIFENE
ROPINIROLE,ANTIVITAMINES K;CIPROFLOXACINE;ENOXACINE;FLUVOXAMINE
ROSUVASTATINE,CICLOSPORINE;DAROLUTAMIDE;FOSTAMATINIB;FOSTEMSAVIR;INHIBITEURS DE PROTÉASES BOOSTÉS PAR RITONAVIR;9;PONATINIB;ROLAPITANT;TÉDIZOLIDE;VELPATASVIR
ROXADUSTAT,CALCIUM;FER;GEMFIBROZIL;INHIBITEURS DE L'HMG-COA RÉDUCTASE (STATINES);MAGNÉSIUM;RÉSINES CHÉLATRICES
ROXITHROMYCINE,"ATORVASTATINE;CICLOSPORINE;MIDAZOLAM;SIMVASTATINE;0;SUBSTANCES SUSCEPTIBLES DE DONNER DES TORSADES DE POINTES;THÉOPHYLLINE (ET, PAR EXTRAPOLATION, AMINOPHYLLINE)"
RUFINAMIDE,"ESTROPROGESTATIFS CONTRACEPTIFS;VALPROÏQUE (ACIDE) ET, PAR EXTRAPOLATION, VALPROMIDE"
SACITUZUMAB,INDUCTEURS ENZYMATIQUES PUISSANTS;RIFAMPICINE
SACUBITRIL,INHIBITEURS DE L'ENZYME DE CONVERSION
SALMETEROL,ITRACONAZOLE;KETOCONAZOLE;OMBITASVIR + PARITAPRÉVIR
SELEXIPAG,CLOPIDOGREL;DEFERASIROX;GEMFIBROZIL;1;TÉRIFLUNOMIDE;TRIMETHOPRIME
SELPERCATINIB,HORMONES THYROÏDIENNES;REPAGLINIDE
SERTRALINE,INDUCTEURS ENZYMATIQUES;PAMPLEMOUSSE (JUS ET FRUIT);PIMOZIDE
SÉTRONS,APOMORPHINE
SILDENAFIL,JOSAMYCINE;OMBITASVIR + PARITAPRÉVIR
SILODOSINE,INHIBITEURS PUISSANTS DU CYP3A4
SIMVASTATINE,2;AMIODARONE;AMLODIPINE;APALUTAMIDE;AZITHROMYCINE;CARBAMAZEPINE;CICLOSPORINE;DANAZOL;DILTIAZEM;DRONEDARONE;FLUCONAZOLE;GLÉCAPRÉVIR + PIBRENTASVIR;INHIBITEURS PUISSANTS DU CYP3A4;MILLEPERTUIS;OMBITASVIR + PARITAPRÉVIR;PAMPLEMOUSSE (JUS ET FRUIT);3;PONATINIB;RANOLAZINE;RIFAMPICINE;ROXITHROMYCINE;STIRIPENTOL;VERAPAMIL
SIROLIMUS,CICLOSPORINE;INHIBITEURS DE L'ENZYME DE CONVERSION;OMBITASVIR + PARITAPRÉVIR;VERAPAMIL
SODIUM (BICARBONATE DE),LITHIUM
SODIUM (CHLORURE DE),LITHIUM
SOFOSBUVIR,AMIODARONE;4;INDUCTEURS ENZYMATIQUES;MILLEPERTUIS
SORBITOL,LAMIVUDINE;POLYSTYRÈNE SULFONATE DE CALCIUM;POLYSTYRÈNE SULFONATE DE SODIUM
SOTORASIB,ANTISÉCRÉTOIRES ANTIHISTAMINIQUES H2;ANTISÉCRÉTOIRES INHIBITEURS DE LA POMPE À PROTONS;INDUCTEURS ENZYMATIQUES PUISSANTS;RIFAMPICINE
SPERMICIDES, MÉDICAMENTS UTILISÉS PAR VOIE VAGINALE
SPIRAMYCINE,5;LEVODOPA
SPIRONOLACTONE,INHIBITEURS DE L'ENZYME DE CONVERSION;MITOTANE
STAVUDINE,ISONIAZIDE;PENTAMIDINE;RIBAVIRINE;THALIDOMIDE;ZIDOVUDINE
STIRIPENTOL,"ATORVASTATINE;CAFEINE;CLOBAZAM;DIAZEPAM;DIHYDROERGOTAMINE;6;ERGOTAMINE;HALOFANTRINE;IMMUNOSUPPRESSEURS;INDUCTEURS ENZYMATIQUES PUISSANTS;MIDAZOLAM;PIMOZIDE;QUINIDINE;SIMVASTATINE;THÉOPHYLLINE (ET, PAR EXTRAPOLATION, AMINOPHYLLINE)"
STRONTIUM,CALCIUM;CYCLINES;FER;FLUOROQUINOLONES;ZINC;7
"SUBSTANCES À ABSORPTION RÉDUITE PAR LES TOPIQUES GASTRO-INTESTINAUX, ANTIACIDES ET ADSORBANTS","TOPIQUES GASTRO-INTESTINAUX, ANTIACIDES ET ADSORBANTS"
SUBSTANCES SUSCEPTIBLES DE DONNER DES TORSADES DE POINTES,"ANAGRELIDE;ANTIPARASITAIRES SUSCEPTIBLES DE DONNER DES TORSADES DE POINTES;ARSENIEUX;AZITHROMYCINE;BÊTA-BLOQUANTS DANS L'INSUFFISANCE CARDIAQUE;8;BRADYCARDISANTS;CIPROFLOXACINE;CLARITHROMYCINE;CRIZOTINIB;DÉLAMANID;GLASDÉGIB;HYDROXYCHLOROQUINE;HYPOKALIÉMIANTS;LEVOFLOXACINE;MÉDICAMENTS À L'ORIGINE D'UN HYPOGONADISME MASCULIN;METHADONE;9;NEUROLEPTIQUES SUSCEPTIBLES DE DONNER DES TORSADES DE POINTES;NORFLOXACINE;ONDANSETRON;ROXITHROMYCINE;SULFAMÉTHOXAZOLE + TRIMÉTHOPRIME;TORSADOGÈNES (SAUF ARSÉNIEUX, ANTIPARASITAIRES, NEUROLEPTIQUES, MÉTHADONE...)"
SUBSTRATS À RISQUE DU CYP3A4,CRIZOTINIB;IDÉLALISIB;0;INHIBITEURS PUISSANTS DU CYP3A4
SUCRALFATE,"DIGOXINE;FLUOROQUINOLONES;HORMONES THYROÏDIENNES;PHÉNYTOÏNE (ET, PAR EXTRAPOLATION, FOSPHÉNYTOÏNE);SULPIRIDE"
SUFENTANIL,INHIBITEURS PUISSANTS DU CYP3A4
SULFAFURAZOL,"PHÉNYTOÏNE (ET, PAR EXTRAPOLATION, FOSPHÉNYTOÏNE)"
SULFAMETHIZOL,"METHENAMINE;PHÉNYTOÏNE (ET, PAR EXTRAPOLATION, FOSPHÉNYTOÏNE)"
SULFAMETHOXAZOLE,"ANTIVITAMINES K;PHÉNYTOÏNE (ET, PAR EXTRAPOLATION, FOSPHÉNYTOÏNE);1"
SULFAMÉTHOXAZOLE + TRIMÉTHOPRIME,SUBSTANCES SUSCEPTIBLES DE DONNER DES TORSADES DE POINTES;SULFAMIDES HYPOGLYCÉMIANTS
SULFAMIDES ANTIBACTÉRIENS,METHOTREXATE
SULFAMIDES HYPOGLYCÉMIANTS,ALCOOL (BOISSON OU EXCIPIENT);ANALOGUES DE LA SOMATOSTATINE;BÊTA-2 MIMÉTIQUES;BÊTA-BLOQUANTS (SAUF ESMOLOL) (Y COMPRIS COLLYRES);BÊTA-BLOQUANTS DANS L'INSUFFISANCE CARDIAQUE;CHLORPROMAZINE;CLARITHROMYCINE;DANAZOL;2;FLUCONAZOLE;INHIBITEURS DE L'ENZYME DE CONVERSION;MICONAZOLE;SULFAMÉTHOXAZOLE + TRIMÉTHOPRIME
SULFASALAZINE,DIGOXINE;PONATINIB;TÉDIZOLIDE
SULFINPYRAZONE,CICLOSPORINE
SULPIRIDE,SUCRALFATE
SULPROSTONE,MÉTHYLERGOMÉTRINE
SUNITINIB,GRAZOPREVIR + ELBASVIR;3
SUXAMETHONIUM,ANTICHOLINESTÉRASIQUES
SYMPATHOMIMÉTIQUES ALPHA (VOIES ORALE ET/OU NASALE),ALCALOÏDES DE L'ERGOT DE SEIGLE DOPAMINERGIQUES;ALCALOÏDES DE L'ERGOT DE SEIGLE VASOCONSTRICTEURS;IMAO IRRÉVERSIBLES;SYMPATHOMIMÉTIQUES INDIRECTS
SYMPATHOMIMÉTIQUES ALPHA ET BÊTA (VOIE IM ET IV),"ANESTHÉSIQUES VOLATILS HALOGÉNÉS;ANTIDÉPRESSEURS IMIPRAMINIQUES;IMAO IRRÉVERSIBLES;IMAO-A RÉVERSIBLES, Y COMPRIS OXAZOLIDINONES ET BLEU DE MÉTHYLÈNE;MÉDICAMENTS MIXTES ADRÉNERGIQUES-SÉROTONINERGIQUES"
SYMPATHOMIMÉTIQUES INDIRECTS," AUTRES SYMPATHOMIMETIQUES INDIRECTS;ALCALOÏDES DE L'ERGOT DE SEIGLE DOPAMINERGIQUES;4;ALCALOÏDES DE L'ERGOT DE SEIGLE VASOCONSTRICTEURS;ANESTHÉSIQUES VOLATILS HALOGÉNÉS;IMAO IRRÉVERSIBLES;IMAO-A RÉVERSIBLES, Y COMPRIS OXAZOLIDINONES ET BLEU DE MÉTHYLÈNE;SYMPATHOMIMÉTIQUES ALPHA (VOIES ORALE ET/OU NASALE)"
TACROLIMUS,AMINOSIDES;AMIODARONE;AMPHOTERICINE B;ANTI-INFLAMMATOIRES NON STÉROÏDIENS;CLINDAMYCINE;DABIGATRAN;DANAZOL;DIURÉTIQUES ÉPARGNEURS DE POTASSIUM (SEULS OU ASSOCIÉS);GRAZOPREVIR + ELBASVIR;5;JOSAMYCINE;LANSOPRAZOLE;MIFAMURTIDE;OMBITASVIR + PARITAPRÉVIR;OMEPRAZOLE;POTASSIUM;TIGECYCLINE;VERAPAMIL
TALAZOPARIB,AMIODARONE;CICLOSPORINE;CLARITHROMYCINE;DRONEDARONE;ERYTHROMYCINE;INHIBITEURS DE PROTÉASES BOOSTÉS PAR RITONAVIR;6;ITRACONAZOLE;QUINIDINE;VERAPAMIL
TAMOXIFENE,ANTIVITAMINES K;BUPROPION;DULOXETINE;FLUOXETINE;INDUCTEURS ENZYMATIQUES;MILLEPERTUIS;PAROXETINE;QUINIDINE;ROLAPITANT;TERBINAFINE
TAMSULOSINE,7;AMIODARONE;DILTIAZEM;INHIBITEURS PUISSANTS DU CYP3A4;VERAPAMIL
TÉDIZOLIDE,IMATINIB;LAPATINIB;METHOTREXATE;ROSUVASTATINE;SULFASALAZINE;TOPOTECANE
TELBIVUDINE,PEG-INTERFERON ALFA-2A
TELITHROMYCINE,ATORVASTATINE;DIGOXINE;8;IMMUNOSUPPRESSEURS;INDUCTEURS ENZYMATIQUES PUISSANTS;INHIBITEURS PUISSANTS DU CYP3A4;MILLEPERTUIS;RIFAMPICINE;VENLAFAXINE
TEMSIROLIMUS,INHIBITEURS DE L'ENZYME DE CONVERSION
TENOFOVIR ALAFÉNAMIDE,P A S SODIQUE
TÉNOFOVIR ALAFÉNAMIDE,CICLOSPORINE;COBICISTAT;INDUCTEURS ENZYMATIQUES;INHIBITEURS DE PROTÉASES BOOSTÉS PAR RITONAVIR;ITRACONAZOLE;9;KETOCONAZOLE;RIFAMPICINE;VERAPAMIL
TENOFOVIR DISOPROXIL,ANTI-INFLAMMATOIRES NON STÉROÏDIENS;ATAZANAVIR;DIDANOSINE;LÉDIPASVIR;P A S SODIQUE
TERBINAFINE,CICLOSPORINE;CODEINE;MEQUITAZINE;METOPROLOL;PROPAFENONE;0;RIFAMPICINE;TAMOXIFENE;TETRABENAZINE;TRAMADOL
TÉRIFLUNOMIDE,SELEXIPAG;VACCINS VIVANTS ATTÉNUÉS
TETRABENAZINE,BUPROPION;CINACALCET;DOPAMINERGIQUES;DULOXETINE;FLUOXETINE;IMAO IRRÉVERSIBLES;LEVODOPA;PAROXETINE;1;QUINIDINE;TERBINAFINE
THALIDOMIDE,DIDANOSINE;STAVUDINE
THEOPHYLLINE,GIVOSIRAN;LITHIUM;PROPAFENONE;VÉMURAFÉNIB
"THÉOPHYLLINE (ET, PAR EXTRAPOLATION, AMINOPHYLLINE)",CIMETIDINE;CIPROFLOXACINE;CLARITHROMYCINE;DIPYRIDAMOLE;ENOXACINE;ERYTHROMYCINE;2;FLUCONAZOLE;FLUVOXAMINE;HALOTHANE;INDUCTEURS ENZYMATIQUES PUISSANTS;INHIBITEURS DE LA XANTHINE OXYDASE;INHIBITEURS DE PROTÉASES BOOSTÉS PAR RITONAVIR;JOSAMYCINE;MEXILETINE;MILLEPERTUIS;NORFLOXACINE;PEFLOXACINE;PENTOXIFYLLINE;RIFAMPICINE;ROXITHROMYCINE;3;STIRIPENTOL;TIABENDAZOLE;TICLOPIDINE
THROMBOLYTIQUES,ANTIAGRÉGANTS PLAQUETTAIRES;ANTICOAGULANTS ORAUX;DÉFIBROTIDE;HÉPARINES (DOSES CURATIVES ET/OU SUJET ÂGÉ)
TIABENDAZOLE,"THÉOPHYLLINE (ET, PAR EXTRAPOLATION, AMINOPHYLLINE)"
TIAGABINE,INDUCTEURS ENZYMATIQUES PUISSANTS;RIFAMPICINE
TIANEPTINE,IMAO IRRÉVERSIBLES
TIBOLONE,ANTIVITAMINES K;4
TICAGRELOR,ACIDE ACETYLSALICYLIQUE;DABIGATRAN;DILTIAZEM;INDUCTEURS ENZYMATIQUES PUISSANTS;INHIBITEURS PUISSANTS DU CYP3A4;MILLEPERTUIS;OMBITASVIR + PARITAPRÉVIR;PAMPLEMOUSSE (JUS ET FRUIT);RIFAMPICINE;VERAPAMIL
TICLOPIDINE,"ACIDE ACETYLSALICYLIQUE;CICLOSPORINE;5;KETAMINE;PHÉNYTOÏNE (ET, PAR EXTRAPOLATION, FOSPHÉNYTOÏNE);THÉOPHYLLINE (ET, PAR EXTRAPOLATION, AMINOPHYLLINE)"
TIGECYCLINE,CICLOSPORINE;FLUCONAZOLE;INHIBITEURS PUISSANTS DU CYP3A4;PAMPLEMOUSSE (JUS ET FRUIT);VERAPAMIL;TACROLIMUS
TOLVAPTAN,AMIODARONE;DILTIAZEM;6
"TOPIQUES GASTRO-INTESTINAUX, ANTIACIDES ET ADSORBANTS"," MÉDICAMENTS ADMINISTRÉS PAR VOIE ORALE;POLYSTYRÈNE SULFONATE DE CALCIUM;POLYSTYRÈNE SULFONATE DE SODIUM;SUBSTANCES À ABSORPTION RÉDUITE PAR LES TOPIQUES GASTRO-INTESTINAUX, ANTIACIDES ET ;SORBANTS"
TOPIRAMATE,"CARBAMAZEPINE;ESTROPROGESTATIFS CONTRACEPTIFS;LITHIUM;OXCARBAZEPINE;VALPROÏQUE (ACIDE) ET, PAR EXTRAPOLATION, VALPROMIDE"
TOPOTECANE,TÉDIZOLIDE
"TORSADOGÈNES (SAUF ARSÉNIEUX, ANTIPARASITAIRES, NEUROLEPTIQUES, MÉTHADONE...)",SUBSTANCES SUSCEPTIBLES DE DONNER DES TORSADES DE POINTES;7
TRABECTÉDINE,ITRACONAZOLE
TRAITEMENTS DE SUBSTITUTION NICOTINIQUE,MÉDICAMENTS À RISQUE LORS DU SEVRAGE TABAGIQUE
TRAMADOL,"ANTICOAGULANTS ORAUX;BUPROPION;CINACALCET;DULOXETINE;FLUOXETINE;IMAO IRRÉVERSIBLES;IMAO-A RÉVERSIBLES, Y COMPRIS OXAZOLIDINONES ET BLEU DE MÉTHYLÈNE;IMAO-B;INHIBITEURS SÉLECTIFS DE LA RECAPTURE DE LA SÉROTONINE;8;ONDANSETRON;PAROXETINE;QUINIDINE;TERBINAFINE;VENLAFAXINE"
TRASTUZUMAB EMTANSINE,INHIBITEURS PUISSANTS DU CYP3A4
TRÉTINOÏNE,INHIBITEURS PUISSANTS DU CYP3A4
TRICLABENDAZOLE,DIHYDROERGOTAMINE;ERGOTAMINE;PIMOZIDE;QUINIDINE
TRIENTINE,FER
TRIMETHOPRIME,CICLOSPORINE;9;METHOTREXATE;PACLITAXEL;PYRIMETHAMINE;REPAGLINIDE;SELEXIPAG
TRIPTANS,ALCALOÏDES DE L'ERGOT DE SEIGLE VASOCONSTRICTEURS;INHIBITEURS SÉLECTIFS DE LA RECAPTURE DE LA SÉROTONINE
TRIPTANS MÉTABOLISÉS PAR LA MAO,"IMAO IRRÉVERSIBLES;IMAO-A RÉVERSIBLES, Y COMPRIS OXAZOLIDINONES ET BLEU DE MÉTHYLÈNE;IMAO-B"
TRIPTANS NON MÉTABOLISÉS PAR LA MAO,"IMAO IRRÉVERSIBLES;0;IMAO-A RÉVERSIBLES, Y COMPRIS OXAZOLIDINONES ET BLEU DE MÉTHYLÈNE;IMAO-B"
TUCATINIB,GEMFIBROZIL
ULIPRISTAL,"ANTISÉCRÉTOIRES ANTIHISTAMINIQUES H2;ANTISÉCRÉTOIRES INHIBITEURS DE LA POMPE À PROTONS;CYPROTERONE;INDUCTEURS ENZYMATIQUES PUISSANTS;INHIBITEURS DE PROTÉASES BOOSTÉS PAR RITONAVIR;MILLEPERTUIS;PROGESTATIFS CONTRACEPTIFS;1;PROGESTATIFS NON CONTRACEPTIFS, ASSOCIÉS OU NON À UN ESTROGÈNE;RIFAMPICINE"
VACCINS VIVANTS ATTÉNUÉS,ABATACEPT;ANTICORPS MONOCLONAUX (HORS ANTI-TNF ALPHA);ANTI-TNF ALPHA;BÉLATACEPT;CYTOTOXIQUES;DIMÉTHYLE ( FUMARATE DE);GLOBULINES ANTILYMPHOCYTAIRES;GLUCOCORTICOÏDES (SAUF HYDROCORTISONE);HYDROXYCARBAMIDE;2;IMMUNOSUPPRESSEURS;MYCOPHENOLATE MOFETIL;MYCOPHENOLATE SODIQUE;TÉRIFLUNOMIDE
VALGANCICLOVIR,FLUCYTOSINE;MARIBAVIR
"VALPROÏQUE (ACIDE) ET, PAR EXTRAPOLATION, VALPROMIDE","ACETAZOLAMIDE;AZTREONAM;CARBAMAZEPINE;FELBAMATE;LAMOTRIGINE;NIMODIPINE;PÉNEMS;3;PHÉNOBARBITAL (ET, PAR EXTRAPOLATION, PRIMIDONE);PHÉNYTOÏNE (ET, PAR EXTRAPOLATION, FOSPHÉNYTOÏNE);RIFAMPICINE;RUFINAMIDE;TOPIRAMATE;ZIDOVUDINE;ZONISAMIDE"
VANCOMYCINE,PIPÉRACILLINE/TAZOBACTAM
VARDENAFIL,PAMPLEMOUSSE (JUS ET FRUIT)
VELPATASVIR,ANTISÉCRÉTOIRES INHIBITEURS DE LA POMPE À PROTONS;EFAVIRENZ;INDUCTEURS ENZYMATIQUES PUISSANTS;MILLEPERTUIS;4;OXCARBAZEPINE;RIFABUTINE;RIFAMPICINE;ROSUVASTATINE
VÉMURAFÉNIB,BUPROPION;ESTROPROGESTATIFS CONTRACEPTIFS;IFOSFAMIDE;IMMUNOSUPPRESSEURS;INDUCTEURS ENZYMATIQUES;THEOPHYLLINE
VÉNÉTOCLAX,AMIODARONE;DILTIAZEM;INDUCTEURS ENZYMATIQUES;INHIBITEURS PUISSANTS DU CYP3A4;5;MILLEPERTUIS;PAMPLEMOUSSE (JUS ET FRUIT);VERAPAMIL
VENLAFAXINE,CLARITHROMYCINE;ERYTHROMYCINE;INHIBITEURS DE PROTÉASES BOOSTÉS PAR RITONAVIR;ITRACONAZOLE;KETOCONAZOLE;TELITHROMYCINE;TRAMADOL;VORICONAZOLE
VERAPAMIL,AFATINIB;AMIODARONE;6;ANTIHYPERTENSEURS CENTRAUX;ATORVASTATINE;BÊTA-BLOQUANTS (SAUF ESMOLOL) (Y COMPRIS COLLYRES);BÊTA-BLOQUANTS DANS L'INSUFFISANCE CARDIAQUE;BUSPIRONE;CARBAMAZEPINE;CICLOSPORINE;COLCHICINE;DABIGATRAN;DANTROLENE;DIGOXINE;DOXORUBICINE;DRONEDARONE;7;ERYTHROMYCINE;ESMOLOL;EVEROLIMUS;FIDAXOMICINE;IBRUTINIB;INHIBITEURS PUISSANTS DU CYP3A4;IVABRADINE;MIDAZOLAM;MILLEPERTUIS;NALOXEGOL;NINTÉDANIB;OLAPARIB;PAMPLEMOUSSE (JUS ET FRUIT);8;PIMOZIDE;QUINIDINE;SIMVASTATINE;SIROLIMUS;TACROLIMUS;TALAZOPARIB;TAMSULOSINE;TÉNOFOVIR ALAFÉNAMIDE;TICAGRELOR;TOLVAPTAN;VÉNÉTOCLAX
VIDARABINE,ALLOPURINOL
VINCA-ALCALOÏDES CYTOTOXIQUES,FLUCONAZOLE;INDUCTEURS ENZYMATIQUES;INHIBITEURS PUISSANTS DU CYP3A4;9;MILLEPERTUIS;MITOMYCINE C
VISMODÉGIB,INDUCTEURS ENZYMATIQUES;MILLEPERTUIS
VITAMINE A,CYCLINES;RÉTINOÏDES
VITAMINE D,INDUCTEURS ENZYMATIQUES PUISSANTS;ORLISTAT;RIFAMPICINE
VORICONAZOLE,AMIODARONE;ANTIVITAMINES K;EFAVIRENZ;FLUCLOXACILLINE;0;GLIPIZIDE;IMMUNOSUPPRESSEURS;INDUCTEURS ENZYMATIQUES PUISSANTS;INHIBITEURS DE PROTÉASES BOOSTÉS PAR RITONAVIR;LÉTERMOVIR;METHADONE;MILLEPERTUIS;NEVIRAPINE;QUINIDINE;RIFABUTINE;RIFAMPICINE;VENLAFAXINE;1
VOXELOTOR,INDUCTEURS ENZYMATIQUES PUISSANTS;RIFAMPICINE
YOHIMBINE,ANTIHYPERTENSEURS CENTRAUX
ZIDOVUDINE,"AMPHOTERICINE B;DAPSONE;FLUCYTOSINE;GANCICLOVIR;RIBAVIRINE;RIFAMPICINE;STAVUDINE;VALPROÏQUE (ACIDE) ET, PAR EXTRAPOLATION, VALPROMIDE"
ZINC,CALCIUM;2;CYCLINES;FER;FLUOROQUINOLONES;INHIBITEURS D'INTÉGRASE;STRONTIUM
ZOLPIDEM,INHIBITEURS PUISSANTS DU CYP3A4;RIFAMPICINE
ZONISAMIDE,"VALPROÏQUE (ACIDE) ET, PAR EXTRAPOLATION, VALPROMIDE"
ZOPICLONE,INHIBITEURS PUISSANTS DU CYP3A4;RIFAMPICINE
